Order_ID,Order_Date,Customer_ID,Customer_Name,Product_ID,Product_Name,Category,Sub_Category,Region,State,City,Quantity,Unit_Price,Discount,Revenue,Cost,Profit,Payment_Method,Customer_Segment
ORD-100000,2025-07-12,CUST-0023,Customer 23,PRD-0076,Men Item 14,Clothing,Men,North,Delhi,New Delhi,3,12395.61,0,37186.83,25930.16,11256.67,UPI,Consumer
ORD-100001,2025-07-12,CUST-0108,Customer 108,PRD-0029,Phones Item 15,Electronics,Phones,South,Karnataka,Bengaluru,5,30180.53,0.15,128267.25,75647.86,52619.39,Cash on Delivery,Corporate
ORD-100002,2024-12-10,CUST-0027,Customer 27,PRD-0012,Phones Item 13,Electronics,Phones,West,Maharashtra,Mumbai,3,14037.99,0,42113.97,31225.09,10888.88,UPI,Corporate
ORD-100003,2024-10-27,CUST-0161,Customer 161,PRD-0080,Tables Item 12,Furniture,Tables,North,Delhi,New Delhi,4,26904.16,0.1,96854.98,54796.68,42058.3,Cash on Delivery,Consumer
ORD-100004,2024-04-13,CUST-0098,Customer 98,PRD-0036,Men Item 15,Clothing,Men,North,Delhi,New Delhi,2,38698.8,0,77397.6,55808.59,21589.01,Debit Card,Consumer
ORD-100005,2024-06-24,CUST-0137,Customer 137,PRD-0032,Tables Item 6,Furniture,Tables,South,Karnataka,Bengaluru,3,35150.65,0,105451.95,70845.38,34606.57,Net Banking,Corporate
ORD-100006,2025-02-14,CUST-0069,Customer 69,PRD-0009,Chairs Item 7,Furniture,Chairs,East,West Bengal,Kolkata,1,11606.59,0,11606.59,8252.39,3354.2,Cash on Delivery,Small Business
ORD-100007,2024-05-22,CUST-0064,Customer 64,PRD-0072,Chairs Item 18,Furniture,Chairs,West,Maharashtra,Mumbai,4,44257.22,0.1,159325.99,92181.93,67144.06,Debit Card,Small Business
ORD-100008,2024-04-03,CUST-0194,Customer 194,PRD-0007,Women Item 4,Clothing,Women,Central,Madhya Pradesh,Bhopal,4,18227.42,0,72909.68,47530.2,25379.48,Credit Card,Small Business
ORD-100009,2025-04-24,CUST-0136,Customer 136,PRD-0033,Audio Item 18,Electronics,Audio,West,Maharashtra,Mumbai,5,3363.68,0.1,15136.56,10129.05,5007.51,UPI,Small Business
ORD-100010,2025-03-21,CUST-0041,Customer 41,PRD-0059,Men Item 1,Clothing,Men,Central,Madhya Pradesh,Bhopal,3,38476.22,0.05,109657.23,62757.98,46899.25,Debit Card,Small Business
ORD-100011,2024-06-05,CUST-0096,Customer 96,PRD-0021,Audio Item 18,Electronics,Audio,North,Delhi,New Delhi,3,42115.13,0.15,107393.58,72146.37,35247.21,Cash on Delivery,Consumer
ORD-100012,2024-11-10,CUST-0062,Customer 62,PRD-0008,Women Item 8,Clothing,Women,West,Maharashtra,Mumbai,1,5771.01,0.05,5482.46,3978.86,1503.6,Cash on Delivery,Consumer
ORD-100013,2024-05-11,CUST-0169,Customer 169,PRD-0061,Audio Item 18,Electronics,Audio,West,Maharashtra,Mumbai,1,48903.63,0.15,41568.09,29229.3,12338.79,Credit Card,Corporate
ORD-100014,2025-02-12,CUST-0172,Customer 172,PRD-0048,Women Item 15,Clothing,Women,South,Karnataka,Bengaluru,5,37812.21,0,189061.05,130941.75,58119.3,Cash on Delivery,Corporate
ORD-100015,2025-08-25,CUST-0057,Customer 57,PRD-0001,Phones Item 3,Electronics,Phones,South,Karnataka,Bengaluru,1,17036.66,0.15,14481.16,9568.92,4912.24,UPI,Consumer
ORD-100016,2024-08-07,CUST-0139,Customer 139,PRD-0017,Phones Item 19,Electronics,Phones,East,West Bengal,Kolkata,1,25804.97,0.05,24514.72,16763.06,7751.66,Cash on Delivery,Corporate
ORD-100017,2025-02-24,CUST-0120,Customer 120,PRD-0007,Laptops Item 4,Electronics,Laptops,West,Maharashtra,Mumbai,2,4897.42,0.1,8815.36,5473.1,3342.26,UPI,Corporate
ORD-100018,2025-03-08,CUST-0047,Customer 47,PRD-0036,Women Item 15,Clothing,Women,North,Delhi,New Delhi,2,9741.19,0.15,16560.02,10593.82,5966.2,Credit Card,Consumer
ORD-100019,2024-08-30,CUST-0043,Customer 43,PRD-0053,Chairs Item 16,Furniture,Chairs,North,Delhi,New Delhi,5,41834.17,0,209170.85,153797.76,55373.09,Net Banking,Consumer
ORD-100020,2025-04-10,CUST-0074,Customer 74,PRD-0055,Chairs Item 18,Furniture,Chairs,South,Karnataka,Bengaluru,4,307.34,0.1,1106.42,667.22,439.2,Net Banking,Consumer
ORD-100021,2024-11-17,CUST-0015,Customer 15,PRD-0007,Laptops Item 19,Electronics,Laptops,South,Karnataka,Bengaluru,1,29043.18,0.15,24686.7,13878.65,10808.05,Net Banking,Small Business
ORD-100022,2024-03-10,CUST-0173,Customer 173,PRD-0031,Men Item 13,Clothing,Men,North,Delhi,New Delhi,5,4189.55,0,20947.75,11808.34,9139.41,UPI,Small Business
ORD-100023,2025-08-01,CUST-0134,Customer 134,PRD-0041,Audio Item 9,Electronics,Audio,Central,Madhya Pradesh,Bhopal,1,31045.2,0.1,27940.68,19040.86,8899.82,Credit Card,Small Business
ORD-100024,2024-03-15,CUST-0003,Customer 3,PRD-0059,Women Item 20,Clothing,Women,South,Karnataka,Bengaluru,3,19910.14,0.05,56743.9,36398.09,20345.81,Cash on Delivery,Consumer
ORD-100025,2024-09-07,CUST-0095,Customer 95,PRD-0037,Audio Item 6,Electronics,Audio,South,Karnataka,Bengaluru,5,13406.98,0.05,63683.15,46244.97,17438.18,Net Banking,Small Business
ORD-100026,2024-04-16,CUST-0035,Customer 35,PRD-0034,Women Item 4,Clothing,Women,Central,Madhya Pradesh,Bhopal,5,589.59,0.15,2505.76,1528.2,977.56,UPI,Small Business
ORD-100027,2024-09-27,CUST-0130,Customer 130,PRD-0063,Men Item 9,Clothing,Men,East,West Bengal,Kolkata,3,30320.53,0.05,86413.51,51046.14,35367.37,UPI,Consumer
ORD-100028,2024-09-25,CUST-0042,Customer 42,PRD-0057,Women Item 18,Clothing,Women,East,West Bengal,Kolkata,1,376.58,0,376.58,255.1,121.48,Net Banking,Small Business
ORD-100029,2024-05-31,CUST-0111,Customer 111,PRD-0017,Phones Item 2,Electronics,Phones,North,Delhi,New Delhi,2,27370.4,0.05,52003.76,34660.61,17343.15,Debit Card,Corporate
ORD-100030,2025-02-20,CUST-0159,Customer 159,PRD-0020,Laptops Item 8,Electronics,Laptops,South,Karnataka,Bengaluru,2,33413.28,0.05,63485.23,44822.05,18663.18,Credit Card,Consumer
ORD-100031,2024-09-11,CUST-0069,Customer 69,PRD-0021,Chairs Item 4,Furniture,Chairs,South,Karnataka,Bengaluru,3,39162.85,0.1,105739.69,75122.45,30617.24,Net Banking,Consumer
ORD-100032,2024-07-16,CUST-0103,Customer 103,PRD-0043,Chairs Item 9,Furniture,Chairs,South,Karnataka,Bengaluru,4,17612.99,0,70451.96,41889.66,28562.3,UPI,Corporate
ORD-100033,2024-09-24,CUST-0046,Customer 46,PRD-0075,Tables Item 9,Furniture,Tables,Central,Madhya Pradesh,Bhopal,3,46974.01,0,140922.03,102225.92,38696.11,UPI,Consumer
ORD-100034,2025-08-13,CUST-0049,Customer 49,PRD-0033,Women Item 2,Clothing,Women,East,West Bengal,Kolkata,3,21932.42,0.15,55927.67,32053.78,23873.89,Net Banking,Consumer
ORD-100035,2024-05-07,CUST-0185,Customer 185,PRD-0039,Men Item 17,Clothing,Men,East,West Bengal,Kolkata,4,3684.7,0.05,14001.86,9446.09,4555.77,Debit Card,Small Business
ORD-100036,2025-01-23,CUST-0174,Customer 174,PRD-0023,Tables Item 20,Furniture,Tables,West,Maharashtra,Mumbai,3,27809.74,0,83429.22,52901.57,30527.65,Cash on Delivery,Corporate
ORD-100037,2024-11-25,CUST-0120,Customer 120,PRD-0057,Chairs Item 15,Furniture,Chairs,East,West Bengal,Kolkata,3,10667.1,0.15,27201.11,18260.98,8940.13,Credit Card,Small Business
ORD-100038,2024-08-28,CUST-0173,Customer 173,PRD-0040,Chairs Item 8,Furniture,Chairs,North,Delhi,New Delhi,3,25869.51,0.15,65967.25,40704.28,25262.97,Credit Card,Consumer
ORD-100039,2025-08-12,CUST-0050,Customer 50,PRD-0050,Phones Item 16,Electronics,Phones,South,Karnataka,Bengaluru,4,30641.44,0,122565.76,78574.85,43990.91,Net Banking,Consumer
ORD-100040,2025-06-14,CUST-0119,Customer 119,PRD-0007,Audio Item 18,Electronics,Audio,North,Delhi,New Delhi,1,38965.34,0,38965.34,22801.63,16163.71,Credit Card,Consumer
ORD-100041,2025-03-29,CUST-0157,Customer 157,PRD-0065,Chairs Item 14,Furniture,Chairs,West,Maharashtra,Mumbai,5,49397.04,0.15,209937.42,128788.12,81149.3,Cash on Delivery,Corporate
ORD-100042,2024-10-10,CUST-0197,Customer 197,PRD-0067,Audio Item 16,Electronics,Audio,West,Maharashtra,Mumbai,4,13107.74,0,52430.96,37643.99,14786.97,Credit Card,Corporate
ORD-100043,2024-03-23,CUST-0036,Customer 36,PRD-0020,Chairs Item 8,Furniture,Chairs,East,West Bengal,Kolkata,2,13731.41,0.05,26089.68,19009.08,7080.6,Net Banking,Small Business
ORD-100044,2025-03-01,CUST-0016,Customer 16,PRD-0027,Audio Item 14,Electronics,Audio,South,Karnataka,Bengaluru,1,20860.42,0.05,19817.4,13050.2,6767.2,Net Banking,Small Business
ORD-100045,2025-02-03,CUST-0108,Customer 108,PRD-0069,Men Item 18,Clothing,Men,Central,Madhya Pradesh,Bhopal,4,23953.59,0.05,91023.64,55499.16,35524.48,Cash on Delivery,Consumer
ORD-100046,2025-02-18,CUST-0186,Customer 186,PRD-0022,Chairs Item 15,Furniture,Chairs,East,West Bengal,Kolkata,4,24384.97,0.1,87785.89,54183.73,33602.16,Credit Card,Small Business
ORD-100047,2025-03-14,CUST-0035,Customer 35,PRD-0060,Men Item 6,Clothing,Men,West,Maharashtra,Mumbai,5,28306.72,0,141533.6,80219.76,61313.84,UPI,Corporate
ORD-100048,2025-03-07,CUST-0065,Customer 65,PRD-0011,Tables Item 16,Furniture,Tables,South,Karnataka,Bengaluru,4,16476.92,0.1,59316.91,35925.37,23391.54,UPI,Small Business
ORD-100049,2024-09-10,CUST-0052,Customer 52,PRD-0003,Men Item 20,Clothing,Men,East,West Bengal,Kolkata,2,32577.18,0,65154.36,45663.21,19491.15,Credit Card,Consumer
ORD-100050,2025-01-12,CUST-0043,Customer 43,PRD-0078,Laptops Item 20,Electronics,Laptops,North,Delhi,New Delhi,5,47398.3,0.1,213292.35,147148.9,66143.45,UPI,Consumer
ORD-100051,2025-01-19,CUST-0102,Customer 102,PRD-0026,Chairs Item 3,Furniture,Chairs,Central,Madhya Pradesh,Bhopal,1,46458.58,0.15,39489.79,27069.04,12420.75,Cash on Delivery,Small Business
ORD-100052,2025-08-02,CUST-0011,Customer 11,PRD-0045,Men Item 18,Clothing,Men,North,Delhi,New Delhi,3,42544.6,0.15,108488.73,77146.94,31341.79,Net Banking,Small Business
ORD-100053,2024-04-18,CUST-0111,Customer 111,PRD-0047,Chairs Item 15,Furniture,Chairs,Central,Madhya Pradesh,Bhopal,3,830.08,0.1,2241.22,1601.28,639.94,Credit Card,Corporate
ORD-100054,2025-04-21,CUST-0112,Customer 112,PRD-0076,Audio Item 9,Electronics,Audio,Central,Madhya Pradesh,Bhopal,3,30872.44,0.15,78724.72,55495.28,23229.44,Debit Card,Consumer
ORD-100055,2025-01-23,CUST-0087,Customer 87,PRD-0004,Laptops Item 16,Electronics,Laptops,West,Maharashtra,Mumbai,2,37573.72,0.15,63875.32,42928.45,20946.87,Debit Card,Consumer
ORD-100056,2024-10-09,CUST-0143,Customer 143,PRD-0002,Chairs Item 17,Furniture,Chairs,East,West Bengal,Kolkata,3,17148.87,0.15,43729.62,30183.79,13545.83,Credit Card,Consumer
ORD-100057,2025-05-17,CUST-0115,Customer 115,PRD-0003,Audio Item 3,Electronics,Audio,West,Maharashtra,Mumbai,4,27847.78,0,111391.12,76650.67,34740.45,Debit Card,Consumer
ORD-100058,2025-03-11,CUST-0191,Customer 191,PRD-0071,Chairs Item 11,Furniture,Chairs,East,West Bengal,Kolkata,5,18577.22,0.15,78953.18,51807.84,27145.34,Debit Card,Small Business
ORD-100059,2025-07-02,CUST-0196,Customer 196,PRD-0024,Tables Item 7,Furniture,Tables,East,West Bengal,Kolkata,3,11680.79,0,35042.37,21484.81,13557.56,Credit Card,Small Business
ORD-100060,2024-10-30,CUST-0059,Customer 59,PRD-0047,Tables Item 6,Furniture,Tables,Central,Madhya Pradesh,Bhopal,5,29920.18,0,149600.9,107192.89,42408.01,Debit Card,Consumer
ORD-100061,2024-05-09,CUST-0164,Customer 164,PRD-0063,Men Item 4,Clothing,Men,East,West Bengal,Kolkata,1,48719.89,0.15,41411.91,25196.14,16215.77,UPI,Small Business
ORD-100062,2025-05-04,CUST-0030,Customer 30,PRD-0009,Tables Item 13,Furniture,Tables,West,Maharashtra,Mumbai,4,17167.16,0,68668.64,41235.22,27433.42,Net Banking,Consumer
ORD-100063,2024-09-11,CUST-0031,Customer 31,PRD-0072,Men Item 14,Clothing,Men,South,Karnataka,Bengaluru,2,40594.88,0.05,77130.27,43735.65,33394.62,Cash on Delivery,Small Business
ORD-100064,2025-08-25,CUST-0110,Customer 110,PRD-0040,Men Item 19,Clothing,Men,Central,Madhya Pradesh,Bhopal,4,22635.62,0.1,81488.23,49664.68,31823.55,Cash on Delivery,Consumer
ORD-100065,2024-06-26,CUST-0142,Customer 142,PRD-0010,Men Item 6,Clothing,Men,South,Karnataka,Bengaluru,2,13379.38,0,26758.76,15557.85,11200.91,UPI,Corporate
ORD-100066,2025-04-09,CUST-0019,Customer 19,PRD-0030,Tables Item 9,Furniture,Tables,East,West Bengal,Kolkata,1,11727.52,0.05,11141.14,7694.04,3447.1,Cash on Delivery,Small Business
ORD-100067,2024-05-25,CUST-0019,Customer 19,PRD-0008,Laptops Item 6,Electronics,Laptops,North,Delhi,New Delhi,5,11395.51,0,56977.55,41689.46,15288.09,Debit Card,Small Business
ORD-100068,2024-10-05,CUST-0129,Customer 129,PRD-0070,Women Item 16,Clothing,Women,West,Maharashtra,Mumbai,1,23541.16,0.05,22364.1,15430.04,6934.06,Net Banking,Consumer
ORD-100069,2025-08-12,CUST-0151,Customer 151,PRD-0003,Men Item 9,Clothing,Men,West,Maharashtra,Mumbai,3,30264.94,0,90794.82,51595.55,39199.27,Cash on Delivery,Consumer
ORD-100070,2025-03-22,CUST-0163,Customer 163,PRD-0063,Laptops Item 3,Electronics,Laptops,Central,Madhya Pradesh,Bhopal,4,45820.42,0,183281.68,137349.29,45932.39,Net Banking,Corporate
ORD-100071,2025-05-22,CUST-0074,Customer 74,PRD-0052,Tables Item 18,Furniture,Tables,East,West Bengal,Kolkata,1,42915.11,0.05,40769.35,25779.64,14989.71,UPI,Corporate
ORD-100072,2024-01-02,CUST-0169,Customer 169,PRD-0070,Laptops Item 15,Electronics,Laptops,East,West Bengal,Kolkata,3,5972.9,0.1,16126.83,11659.41,4467.42,Net Banking,Consumer
ORD-100073,2024-07-27,CUST-0069,Customer 69,PRD-0071,Audio Item 5,Electronics,Audio,East,West Bengal,Kolkata,5,37870.87,0.1,170418.92,119633.76,50785.16,Debit Card,Corporate
ORD-100074,2024-06-11,CUST-0080,Customer 80,PRD-0071,Women Item 1,Clothing,Women,North,Delhi,New Delhi,1,48662.71,0.15,41363.3,29362.27,12001.03,Cash on Delivery,Corporate
ORD-100075,2024-10-25,CUST-0131,Customer 131,PRD-0035,Phones Item 14,Electronics,Phones,North,Delhi,New Delhi,4,47363.62,0,189454.48,123083.86,66370.62,Net Banking,Corporate
ORD-100076,2024-05-19,CUST-0018,Customer 18,PRD-0036,Laptops Item 14,Electronics,Laptops,Central,Madhya Pradesh,Bhopal,2,19302.58,0.15,32814.39,21383.44,11430.95,Debit Card,Small Business
ORD-100077,2025-05-16,CUST-0039,Customer 39,PRD-0058,Chairs Item 18,Furniture,Chairs,East,West Bengal,Kolkata,3,41906.3,0.15,106861.07,80122.34,26738.73,Net Banking,Corporate
ORD-100078,2024-08-27,CUST-0199,Customer 199,PRD-0053,Tables Item 2,Furniture,Tables,West,Maharashtra,Mumbai,3,43506.16,0,130518.48,86711.2,43807.28,Debit Card,Small Business
ORD-100079,2025-08-27,CUST-0085,Customer 85,PRD-0013,Tables Item 15,Furniture,Tables,West,Maharashtra,Mumbai,2,24867.37,0,49734.74,28609.87,21124.87,UPI,Small Business
ORD-100080,2024-09-28,CUST-0087,Customer 87,PRD-0080,Chairs Item 13,Furniture,Chairs,South,Karnataka,Bengaluru,4,43572.46,0,174289.84,98467.77,75822.07,UPI,Corporate
ORD-100081,2024-08-28,CUST-0162,Customer 162,PRD-0037,Women Item 8,Clothing,Women,East,West Bengal,Kolkata,4,43644.67,0,174578.68,117577.33,57001.35,UPI,Corporate
ORD-100082,2024-02-17,CUST-0084,Customer 84,PRD-0008,Audio Item 10,Electronics,Audio,North,Delhi,New Delhi,4,8484.97,0.05,32242.89,23559.39,8683.5,Debit Card,Corporate
ORD-100083,2024-03-21,CUST-0157,Customer 157,PRD-0049,Chairs Item 20,Furniture,Chairs,South,Karnataka,Bengaluru,5,20720.18,0,103600.9,60502.59,43098.31,Credit Card,Corporate
ORD-100084,2024-01-10,CUST-0120,Customer 120,PRD-0037,Men Item 18,Clothing,Men,South,Karnataka,Bengaluru,4,31967.65,0.1,115083.54,69172.73,45910.81,Credit Card,Consumer
ORD-100085,2025-04-12,CUST-0078,Customer 78,PRD-0026,Tables Item 13,Furniture,Tables,Central,Madhya Pradesh,Bhopal,3,32019.15,0.1,86451.71,59484.2,26967.51,Net Banking,Consumer
ORD-100086,2025-02-09,CUST-0071,Customer 71,PRD-0002,Laptops Item 19,Electronics,Laptops,Central,Madhya Pradesh,Bhopal,3,28825.63,0.05,82153.05,45544.66,36608.39,UPI,Small Business
ORD-100087,2024-07-13,CUST-0159,Customer 159,PRD-0033,Women Item 5,Clothing,Women,East,West Bengal,Kolkata,2,30431.84,0.05,57820.5,34333.87,23486.63,UPI,Small Business
ORD-100088,2024-04-02,CUST-0076,Customer 76,PRD-0042,Men Item 14,Clothing,Men,East,West Bengal,Kolkata,4,1861.55,0.05,7073.89,4926.77,2147.12,Credit Card,Consumer
ORD-100089,2024-09-20,CUST-0124,Customer 124,PRD-0038,Audio Item 11,Electronics,Audio,East,West Bengal,Kolkata,5,25189.38,0.05,119649.56,85680.39,33969.17,UPI,Corporate
ORD-100090,2025-02-08,CUST-0004,Customer 4,PRD-0034,Phones Item 18,Electronics,Phones,South,Karnataka,Bengaluru,4,48370.03,0.15,164458.1,102482.89,61975.21,UPI,Corporate
ORD-100091,2024-08-27,CUST-0121,Customer 121,PRD-0004,Tables Item 20,Furniture,Tables,Central,Madhya Pradesh,Bhopal,4,41156.38,0.05,156394.24,89405.77,66988.47,Cash on Delivery,Corporate
ORD-100092,2024-04-29,CUST-0036,Customer 36,PRD-0006,Men Item 2,Clothing,Men,North,Delhi,New Delhi,4,45487.5,0.05,172852.5,117513.41,55339.09,Debit Card,Corporate
ORD-100093,2025-07-07,CUST-0108,Customer 108,PRD-0076,Phones Item 5,Electronics,Phones,South,Karnataka,Bengaluru,5,6956.07,0.1,31302.31,19538.97,11763.34,Net Banking,Small Business
ORD-100094,2025-01-14,CUST-0056,Customer 56,PRD-0057,Laptops Item 15,Electronics,Laptops,Central,Madhya Pradesh,Bhopal,4,46964.84,0.05,178466.39,99324.27,79142.12,Credit Card,Corporate
ORD-100095,2024-10-09,CUST-0049,Customer 49,PRD-0016,Audio Item 15,Electronics,Audio,East,West Bengal,Kolkata,5,45104.47,0.05,214246.23,120429.95,93816.28,UPI,Small Business
ORD-100096,2024-05-08,CUST-0145,Customer 145,PRD-0027,Audio Item 3,Electronics,Audio,Central,Madhya Pradesh,Bhopal,1,2718.81,0.05,2582.87,1546.4,1036.47,Cash on Delivery,Consumer
ORD-100097,2024-05-28,CUST-0034,Customer 34,PRD-0070,Men Item 9,Clothing,Men,South,Karnataka,Bengaluru,3,38763.56,0.15,98847.08,54421.95,44425.13,Credit Card,Consumer
ORD-100098,2024-01-17,CUST-0045,Customer 45,PRD-0034,Men Item 2,Clothing,Men,South,Karnataka,Bengaluru,1,18040.47,0,18040.47,12046.9,5993.57,Credit Card,Small Business
ORD-100099,2024-04-21,CUST-0116,Customer 116,PRD-0065,Chairs Item 8,Furniture,Chairs,North,Delhi,New Delhi,4,22524.11,0.05,85591.62,55861.16,29730.46,Cash on Delivery,Consumer
ORD-100100,2025-03-12,CUST-0176,Customer 176,PRD-0014,Women Item 16,Clothing,Women,West,Maharashtra,Mumbai,1,3229.11,0.1,2906.2,2090.89,815.31,Net Banking,Consumer
ORD-100101,2025-08-22,CUST-0141,Customer 141,PRD-0042,Laptops Item 13,Electronics,Laptops,Central,Madhya Pradesh,Bhopal,2,3470.98,0.05,6594.86,4450.63,2144.23,Cash on Delivery,Small Business
ORD-100102,2025-07-18,CUST-0185,Customer 185,PRD-0028,Tables Item 14,Furniture,Tables,Central,Madhya Pradesh,Bhopal,5,21623.93,0,108119.65,77906.54,30213.11,Net Banking,Consumer
ORD-100103,2024-11-16,CUST-0171,Customer 171,PRD-0033,Tables Item 12,Furniture,Tables,West,Maharashtra,Mumbai,4,20916.28,0,83665.12,51245.7,32419.42,Credit Card,Small Business
ORD-100104,2025-01-16,CUST-0034,Customer 34,PRD-0072,Chairs Item 2,Furniture,Chairs,North,Delhi,New Delhi,1,4842.86,0,4842.86,3384.76,1458.1,Cash on Delivery,Small Business
ORD-100105,2024-02-22,CUST-0074,Customer 74,PRD-0077,Women Item 10,Clothing,Women,North,Delhi,New Delhi,4,17809.18,0.1,64113.05,46393.38,17719.67,Debit Card,Consumer
ORD-100106,2025-07-23,CUST-0095,Customer 95,PRD-0015,Men Item 9,Clothing,Men,South,Karnataka,Bengaluru,4,11367.39,0,45469.56,28192.16,17277.4,Cash on Delivery,Consumer
ORD-100107,2024-11-12,CUST-0087,Customer 87,PRD-0045,Chairs Item 1,Furniture,Chairs,Central,Madhya Pradesh,Bhopal,3,1641.87,0.05,4679.33,3231.26,1448.07,Credit Card,Consumer
ORD-100108,2025-06-27,CUST-0056,Customer 56,PRD-0049,Women Item 14,Clothing,Women,North,Delhi,New Delhi,2,37100.26,0,74200.52,42171.98,32028.54,Net Banking,Corporate
ORD-100109,2024-02-23,CUST-0040,Customer 40,PRD-0021,Laptops Item 20,Electronics,Laptops,East,West Bengal,Kolkata,3,38886.41,0.15,99160.35,66362.54,32797.81,UPI,Small Business
ORD-100110,2024-08-08,CUST-0194,Customer 194,PRD-0066,Laptops Item 4,Electronics,Laptops,West,Maharashtra,Mumbai,4,24385.95,0.1,87789.42,55556.37,32233.05,Debit Card,Corporate
ORD-100111,2025-02-08,CUST-0154,Customer 154,PRD-0008,Laptops Item 1,Electronics,Laptops,Central,Madhya Pradesh,Bhopal,4,26441.32,0.05,100477.02,56175.04,44301.98,Credit Card,Corporate
ORD-100112,2025-03-16,CUST-0045,Customer 45,PRD-0017,Phones Item 13,Electronics,Phones,East,West Bengal,Kolkata,3,16540.49,0,49621.47,32228.01,17393.46,Cash on Delivery,Small Business
ORD-100113,2025-04-15,CUST-0020,Customer 20,PRD-0041,Audio Item 19,Electronics,Audio,Central,Madhya Pradesh,Bhopal,3,3789.36,0,11368.08,7244.24,4123.84,Net Banking,Small Business
ORD-100114,2025-09-24,CUST-0118,Customer 118,PRD-0047,Tables Item 3,Furniture,Tables,East,West Bengal,Kolkata,1,20370.61,0.05,19352.08,11308.86,8043.22,Net Banking,Consumer
ORD-100115,2024-12-13,CUST-0057,Customer 57,PRD-0043,Laptops Item 6,Electronics,Laptops,Central,Madhya Pradesh,Bhopal,4,26293.33,0.1,94655.99,68540.86,26115.13,UPI,Small Business
ORD-100116,2024-05-31,CUST-0061,Customer 61,PRD-0014,Men Item 5,Clothing,Men,Central,Madhya Pradesh,Bhopal,5,9856.4,0.05,46817.9,29037.4,17780.5,Debit Card,Consumer
ORD-100117,2025-07-31,CUST-0195,Customer 195,PRD-0075,Audio Item 15,Electronics,Audio,South,Karnataka,Bengaluru,1,9021.88,0.1,8119.69,5219.26,2900.43,Cash on Delivery,Small Business
ORD-100118,2024-11-06,CUST-0071,Customer 71,PRD-0076,Women Item 2,Clothing,Women,East,West Bengal,Kolkata,2,22100.19,0.1,39780.34,25397.42,14382.92,Debit Card,Small Business
ORD-100119,2024-03-19,CUST-0166,Customer 166,PRD-0012,Laptops Item 20,Electronics,Laptops,West,Maharashtra,Mumbai,4,2072.84,0.05,7876.79,5642.45,2234.34,Cash on Delivery,Small Business
ORD-100120,2025-08-08,CUST-0167,Customer 167,PRD-0025,Tables Item 11,Furniture,Tables,Central,Madhya Pradesh,Bhopal,5,47720.73,0,238603.65,152693.63,85910.02,Cash on Delivery,Corporate
ORD-100121,2024-03-27,CUST-0130,Customer 130,PRD-0023,Men Item 2,Clothing,Men,North,Delhi,New Delhi,4,5354.39,0.05,20346.68,15188.33,5158.35,Credit Card,Small Business
ORD-100122,2024-10-16,CUST-0100,Customer 100,PRD-0053,Tables Item 11,Furniture,Tables,Central,Madhya Pradesh,Bhopal,5,30568.31,0.05,145199.47,90687.29,54512.18,Cash on Delivery,Consumer
ORD-100123,2025-09-09,CUST-0039,Customer 39,PRD-0043,Women Item 3,Clothing,Women,North,Delhi,New Delhi,3,4906.4,0.1,13247.28,8038.84,5208.44,Cash on Delivery,Small Business
ORD-100124,2025-01-20,CUST-0165,Customer 165,PRD-0043,Laptops Item 5,Electronics,Laptops,East,West Bengal,Kolkata,4,6621.79,0,26487.16,16207.93,10279.23,Cash on Delivery,Consumer
ORD-100125,2024-08-07,CUST-0088,Customer 88,PRD-0063,Women Item 7,Clothing,Women,Central,Madhya Pradesh,Bhopal,3,1107.88,0.05,3157.46,1850.44,1307.02,Credit Card,Consumer
ORD-100126,2025-06-23,CUST-0010,Customer 10,PRD-0044,Phones Item 20,Electronics,Phones,East,West Bengal,Kolkata,1,25482.95,0.15,21660.51,15531.1,6129.41,Credit Card,Small Business
ORD-100127,2024-06-18,CUST-0185,Customer 185,PRD-0057,Chairs Item 2,Furniture,Chairs,South,Karnataka,Bengaluru,2,41600.98,0.15,70721.67,50340.3,20381.37,Net Banking,Corporate
ORD-100128,2024-09-01,CUST-0080,Customer 80,PRD-0061,Men Item 7,Clothing,Men,West,Maharashtra,Mumbai,5,14389.41,0.1,64752.35,38644.24,26108.11,Debit Card,Small Business
ORD-100129,2024-06-14,CUST-0052,Customer 52,PRD-0078,Women Item 5,Clothing,Women,West,Maharashtra,Mumbai,3,38950.58,0.15,99323.98,65106.07,34217.91,Debit Card,Consumer
ORD-100130,2024-10-18,CUST-0022,Customer 22,PRD-0021,Women Item 9,Clothing,Women,East,West Bengal,Kolkata,5,46727.82,0.15,198593.23,143033.44,55559.79,Net Banking,Small Business
ORD-100131,2025-02-28,CUST-0014,Customer 14,PRD-0051,Laptops Item 17,Electronics,Laptops,North,Delhi,New Delhi,2,40871.82,0.05,77656.46,57162.48,20493.98,Debit Card,Consumer
ORD-100132,2024-12-09,CUST-0038,Customer 38,PRD-0018,Chairs Item 2,Furniture,Chairs,East,West Bengal,Kolkata,2,1603.74,0,3207.48,2302.44,905.04,Debit Card,Corporate
ORD-100133,2024-08-08,CUST-0039,Customer 39,PRD-0071,Men Item 20,Clothing,Men,West,Maharashtra,Mumbai,4,30844.34,0,123377.36,68326.48,55050.88,Cash on Delivery,Corporate
ORD-100134,2025-09-29,CUST-0118,Customer 118,PRD-0009,Laptops Item 4,Electronics,Laptops,South,Karnataka,Bengaluru,3,6268.05,0,18804.15,11921.17,6882.98,Net Banking,Small Business
ORD-100135,2024-01-02,CUST-0158,Customer 158,PRD-0046,Men Item 8,Clothing,Men,Central,Madhya Pradesh,Bhopal,5,12248.52,0,61242.6,37251.08,23991.52,Cash on Delivery,Corporate
ORD-100136,2025-07-11,CUST-0130,Customer 130,PRD-0065,Audio Item 18,Electronics,Audio,North,Delhi,New Delhi,5,48737.79,0,243688.95,180495.71,63193.24,UPI,Corporate
ORD-100137,2024-03-10,CUST-0089,Customer 89,PRD-0031,Chairs Item 4,Furniture,Chairs,West,Maharashtra,Mumbai,3,12831.78,0,38495.34,23921.73,14573.61,Cash on Delivery,Small Business
ORD-100138,2025-04-20,CUST-0179,Customer 179,PRD-0062,Chairs Item 6,Furniture,Chairs,North,Delhi,New Delhi,3,27391.48,0,82174.44,58843.2,23331.24,Credit Card,Consumer
ORD-100139,2024-11-19,CUST-0080,Customer 80,PRD-0066,Women Item 13,Clothing,Women,North,Delhi,New Delhi,3,10239.23,0,30717.69,22336.62,8381.07,Cash on Delivery,Corporate
ORD-100140,2024-12-05,CUST-0070,Customer 70,PRD-0016,Chairs Item 12,Furniture,Chairs,South,Karnataka,Bengaluru,3,17977.31,0,53931.93,39001.4,14930.53,Net Banking,Corporate
ORD-100141,2025-01-11,CUST-0133,Customer 133,PRD-0035,Women Item 3,Clothing,Women,West,Maharashtra,Mumbai,3,48691.43,0.1,131466.86,90503.59,40963.27,Net Banking,Consumer
ORD-100142,2024-10-29,CUST-0079,Customer 79,PRD-0058,Chairs Item 20,Furniture,Chairs,Central,Madhya Pradesh,Bhopal,3,16196.33,0,48588.99,29910.6,18678.39,Net Banking,Consumer
ORD-100143,2025-03-21,CUST-0071,Customer 71,PRD-0008,Women Item 3,Clothing,Women,East,West Bengal,Kolkata,4,2309.29,0.05,8775.3,5905.52,2869.78,Net Banking,Corporate
ORD-100144,2024-03-09,CUST-0061,Customer 61,PRD-0047,Men Item 12,Clothing,Men,North,Delhi,New Delhi,2,42463.73,0.1,76434.71,42571.06,33863.65,Net Banking,Small Business
ORD-100145,2024-03-19,CUST-0147,Customer 147,PRD-0018,Audio Item 17,Electronics,Audio,South,Karnataka,Bengaluru,4,47451.41,0.05,180315.36,115183.26,65132.1,Debit Card,Corporate
ORD-100146,2025-01-31,CUST-0144,Customer 144,PRD-0016,Tables Item 9,Furniture,Tables,South,Karnataka,Bengaluru,1,1490.48,0,1490.48,968.53,521.95,Debit Card,Small Business
ORD-100147,2024-05-18,CUST-0019,Customer 19,PRD-0058,Chairs Item 6,Furniture,Chairs,Central,Madhya Pradesh,Bhopal,3,34760.24,0.1,93852.65,55376.41,38476.24,Net Banking,Consumer
ORD-100148,2024-06-10,CUST-0183,Customer 183,PRD-0023,Women Item 12,Clothing,Women,East,West Bengal,Kolkata,1,27589.86,0.05,26210.37,19088.13,7122.24,Cash on Delivery,Consumer
ORD-100149,2025-08-09,CUST-0095,Customer 95,PRD-0060,Phones Item 18,Electronics,Phones,South,Karnataka,Bengaluru,2,39560.58,0,79121.16,49227.55,29893.61,Credit Card,Small Business
ORD-100150,2025-02-23,CUST-0148,Customer 148,PRD-0010,Phones Item 5,Electronics,Phones,East,West Bengal,Kolkata,4,49979.83,0.1,179927.39,117877.47,62049.92,Debit Card,Small Business
ORD-100151,2024-07-05,CUST-0197,Customer 197,PRD-0017,Laptops Item 14,Electronics,Laptops,West,Maharashtra,Mumbai,5,17356.84,0.15,73766.57,50010.69,23755.88,Cash on Delivery,Consumer
ORD-100152,2024-08-18,CUST-0089,Customer 89,PRD-0067,Audio Item 10,Electronics,Audio,South,Karnataka,Bengaluru,3,8399.92,0.05,23939.77,17642.36,6297.41,UPI,Corporate
ORD-100153,2024-04-05,CUST-0129,Customer 129,PRD-0022,Audio Item 19,Electronics,Audio,Central,Madhya Pradesh,Bhopal,3,6433.48,0.05,18335.42,12337.64,5997.78,Cash on Delivery,Consumer
ORD-100154,2024-01-30,CUST-0021,Customer 21,PRD-0006,Audio Item 19,Electronics,Audio,Central,Madhya Pradesh,Bhopal,5,17013.46,0.15,72307.2,40364.69,31942.51,Debit Card,Small Business
ORD-100155,2025-07-12,CUST-0075,Customer 75,PRD-0039,Audio Item 16,Electronics,Audio,West,Maharashtra,Mumbai,5,32021.76,0.1,144097.92,104874.38,39223.54,Credit Card,Small Business
ORD-100156,2025-05-10,CUST-0119,Customer 119,PRD-0027,Tables Item 11,Furniture,Tables,West,Maharashtra,Mumbai,1,34492.96,0,34492.96,22003.79,12489.17,Cash on Delivery,Consumer
ORD-100157,2024-04-18,CUST-0082,Customer 82,PRD-0031,Tables Item 15,Furniture,Tables,East,West Bengal,Kolkata,4,6712.15,0.05,25506.17,16655.43,8850.74,UPI,Corporate
ORD-100158,2025-03-04,CUST-0064,Customer 64,PRD-0021,Chairs Item 11,Furniture,Chairs,South,Karnataka,Bengaluru,1,2720.14,0.1,2448.13,1769.59,678.54,Cash on Delivery,Small Business
ORD-100159,2024-11-11,CUST-0128,Customer 128,PRD-0003,Chairs Item 3,Furniture,Chairs,South,Karnataka,Bengaluru,4,49799.28,0.1,179277.41,116485.85,62791.56,Net Banking,Small Business
ORD-100160,2025-09-03,CUST-0168,Customer 168,PRD-0061,Chairs Item 10,Furniture,Chairs,South,Karnataka,Bengaluru,5,17774.18,0,88870.9,53879.87,34991.03,Cash on Delivery,Consumer
ORD-100161,2025-02-14,CUST-0014,Customer 14,PRD-0073,Laptops Item 18,Electronics,Laptops,South,Karnataka,Bengaluru,3,36429.9,0.1,98360.73,61297.17,37063.56,Credit Card,Corporate
ORD-100162,2025-09-30,CUST-0175,Customer 175,PRD-0079,Women Item 4,Clothing,Women,North,Delhi,New Delhi,4,25311.93,0.15,86060.56,52147.89,33912.67,Credit Card,Consumer
ORD-100163,2025-06-05,CUST-0103,Customer 103,PRD-0065,Tables Item 2,Furniture,Tables,East,West Bengal,Kolkata,5,46959.64,0,234798.2,138486.7,96311.5,UPI,Consumer
ORD-100164,2025-06-11,CUST-0036,Customer 36,PRD-0042,Audio Item 20,Electronics,Audio,East,West Bengal,Kolkata,4,26062.77,0,104251.08,69978.76,34272.32,Debit Card,Consumer
ORD-100165,2025-07-30,CUST-0077,Customer 77,PRD-0061,Tables Item 1,Furniture,Tables,Central,Madhya Pradesh,Bhopal,3,25464.29,0.15,64933.94,42627.05,22306.89,Debit Card,Corporate
ORD-100166,2024-09-28,CUST-0168,Customer 168,PRD-0075,Men Item 19,Clothing,Men,West,Maharashtra,Mumbai,5,15522.36,0,77611.8,51951.94,25659.86,Credit Card,Small Business
ORD-100167,2025-01-24,CUST-0038,Customer 38,PRD-0032,Audio Item 2,Electronics,Audio,West,Maharashtra,Mumbai,2,26306.77,0.15,44721.51,31525.14,13196.37,Cash on Delivery,Small Business
ORD-100168,2024-07-27,CUST-0106,Customer 106,PRD-0065,Phones Item 20,Electronics,Phones,North,Delhi,New Delhi,4,15821.89,0,63287.56,40035.21,23252.35,Net Banking,Small Business
ORD-100169,2025-05-04,CUST-0135,Customer 135,PRD-0049,Men Item 11,Clothing,Men,South,Karnataka,Bengaluru,5,10525.62,0.05,49996.69,37478.75,12517.94,Credit Card,Corporate
ORD-100170,2024-07-15,CUST-0064,Customer 64,PRD-0036,Women Item 18,Clothing,Women,Central,Madhya Pradesh,Bhopal,3,33858.26,0.05,96496.04,64846.82,31649.22,Debit Card,Consumer
ORD-100171,2024-10-07,CUST-0074,Customer 74,PRD-0016,Tables Item 19,Furniture,Tables,South,Karnataka,Bengaluru,4,15988.63,0.05,60756.79,40226.92,20529.87,Cash on Delivery,Corporate
ORD-100172,2025-03-28,CUST-0168,Customer 168,PRD-0033,Tables Item 16,Furniture,Tables,South,Karnataka,Bengaluru,3,2294.91,0,6884.73,4263.53,2621.2,Credit Card,Consumer
ORD-100173,2024-09-02,CUST-0063,Customer 63,PRD-0007,Women Item 17,Clothing,Women,Central,Madhya Pradesh,Bhopal,3,7036.19,0.15,17942.28,12526.91,5415.37,Credit Card,Small Business
ORD-100174,2024-05-20,CUST-0002,Customer 2,PRD-0071,Phones Item 6,Electronics,Phones,North,Delhi,New Delhi,4,16648.62,0.1,59935.03,34169.5,25765.53,Net Banking,Small Business
ORD-100175,2024-04-01,CUST-0167,Customer 167,PRD-0074,Tables Item 8,Furniture,Tables,South,Karnataka,Bengaluru,3,16194.15,0,48582.45,35542.31,13040.14,Cash on Delivery,Small Business
ORD-100176,2024-02-07,CUST-0102,Customer 102,PRD-0064,Men Item 6,Clothing,Men,South,Karnataka,Bengaluru,4,44135.8,0,176543.2,130074.3,46468.9,Debit Card,Consumer
ORD-100177,2025-07-10,CUST-0135,Customer 135,PRD-0064,Laptops Item 5,Electronics,Laptops,Central,Madhya Pradesh,Bhopal,5,5543.57,0.05,26331.96,15981.19,10350.77,Cash on Delivery,Corporate
ORD-100178,2024-07-09,CUST-0004,Customer 4,PRD-0044,Chairs Item 10,Furniture,Chairs,North,Delhi,New Delhi,3,8292.21,0.1,22388.97,15216.82,7172.15,Cash on Delivery,Small Business
ORD-100179,2025-02-14,CUST-0172,Customer 172,PRD-0013,Phones Item 6,Electronics,Phones,Central,Madhya Pradesh,Bhopal,4,41384.09,0.15,140705.91,86616.49,54089.42,Credit Card,Corporate
ORD-100180,2024-12-03,CUST-0078,Customer 78,PRD-0075,Chairs Item 19,Furniture,Chairs,North,Delhi,New Delhi,3,19302.0,0.1,52115.4,36519.94,15595.46,UPI,Corporate
ORD-100181,2025-02-19,CUST-0176,Customer 176,PRD-0065,Women Item 10,Clothing,Women,South,Karnataka,Bengaluru,1,33455.75,0.1,30110.17,18408.19,11701.98,UPI,Small Business
ORD-100182,2025-04-10,CUST-0192,Customer 192,PRD-0078,Tables Item 12,Furniture,Tables,Central,Madhya Pradesh,Bhopal,2,11112.6,0,22225.2,14349.4,7875.8,Net Banking,Small Business
ORD-100183,2024-03-24,CUST-0135,Customer 135,PRD-0058,Women Item 17,Clothing,Women,Central,Madhya Pradesh,Bhopal,2,38140.61,0.15,64839.04,46984.12,17854.92,Debit Card,Consumer
ORD-100184,2024-06-02,CUST-0043,Customer 43,PRD-0042,Men Item 17,Clothing,Men,North,Delhi,New Delhi,5,45163.83,0,225819.15,150065.93,75753.22,Net Banking,Consumer
ORD-100185,2024-02-26,CUST-0117,Customer 117,PRD-0017,Men Item 17,Clothing,Men,Central,Madhya Pradesh,Bhopal,4,4728.89,0.15,16078.23,10275.54,5802.69,Net Banking,Corporate
ORD-100186,2025-02-09,CUST-0066,Customer 66,PRD-0001,Men Item 7,Clothing,Men,Central,Madhya Pradesh,Bhopal,4,33703.83,0.05,128074.55,88967.76,39106.79,Cash on Delivery,Consumer
ORD-100187,2024-03-11,CUST-0121,Customer 121,PRD-0005,Laptops Item 10,Electronics,Laptops,East,West Bengal,Kolkata,1,27149.94,0,27149.94,20007.24,7142.7,Net Banking,Consumer
ORD-100188,2025-01-21,CUST-0097,Customer 97,PRD-0011,Audio Item 18,Electronics,Audio,West,Maharashtra,Mumbai,3,49644.26,0.1,134039.5,85746.06,48293.44,Credit Card,Small Business
ORD-100189,2024-08-16,CUST-0001,Customer 1,PRD-0003,Chairs Item 10,Furniture,Chairs,South,Karnataka,Bengaluru,5,19774.32,0,98871.6,68772.28,30099.32,Net Banking,Small Business
ORD-100190,2024-06-07,CUST-0071,Customer 71,PRD-0025,Women Item 4,Clothing,Women,Central,Madhya Pradesh,Bhopal,4,41203.35,0,164813.4,105830.81,58982.59,UPI,Small Business
ORD-100191,2025-09-04,CUST-0173,Customer 173,PRD-0007,Chairs Item 8,Furniture,Chairs,South,Karnataka,Bengaluru,2,3551.09,0.15,6036.85,3360.81,2676.04,UPI,Corporate
ORD-100192,2024-10-23,CUST-0060,Customer 60,PRD-0074,Chairs Item 11,Furniture,Chairs,Central,Madhya Pradesh,Bhopal,2,37768.41,0,75536.82,43662.33,31874.49,Cash on Delivery,Small Business
ORD-100193,2024-11-03,CUST-0071,Customer 71,PRD-0008,Women Item 18,Clothing,Women,South,Karnataka,Bengaluru,3,43837.66,0.15,111786.03,66424.21,45361.82,Cash on Delivery,Small Business
ORD-100194,2025-01-25,CUST-0135,Customer 135,PRD-0041,Audio Item 14,Electronics,Audio,West,Maharashtra,Mumbai,5,24881.92,0.05,118189.12,87261.07,30928.05,Net Banking,Consumer
ORD-100195,2024-05-27,CUST-0119,Customer 119,PRD-0008,Tables Item 18,Furniture,Tables,South,Karnataka,Bengaluru,5,23781.24,0,118906.2,72550.29,46355.91,Net Banking,Corporate
ORD-100196,2025-04-05,CUST-0095,Customer 95,PRD-0012,Men Item 18,Clothing,Men,West,Maharashtra,Mumbai,2,12898.78,0.05,24507.68,16649.08,7858.6,Credit Card,Consumer
ORD-100197,2025-08-24,CUST-0186,Customer 186,PRD-0072,Tables Item 7,Furniture,Tables,Central,Madhya Pradesh,Bhopal,5,2169.47,0,10847.35,6374.26,4473.09,Net Banking,Consumer
ORD-100198,2025-05-05,CUST-0063,Customer 63,PRD-0078,Tables Item 7,Furniture,Tables,North,Delhi,New Delhi,2,46870.56,0,93741.12,65560.28,28180.84,Net Banking,Consumer
ORD-100199,2025-01-03,CUST-0132,Customer 132,PRD-0064,Women Item 15,Clothing,Women,East,West Bengal,Kolkata,4,23419.27,0.05,88993.23,54435.78,34557.45,UPI,Small Business
ORD-100200,2024-08-14,CUST-0190,Customer 190,PRD-0019,Tables Item 1,Furniture,Tables,South,Karnataka,Bengaluru,3,15783.52,0,47350.56,31369.98,15980.58,Debit Card,Small Business
ORD-100201,2024-09-08,CUST-0128,Customer 128,PRD-0071,Women Item 11,Clothing,Women,East,West Bengal,Kolkata,2,9970.35,0,19940.7,12482.24,7458.46,Debit Card,Corporate
ORD-100202,2025-07-13,CUST-0126,Customer 126,PRD-0024,Women Item 18,Clothing,Women,West,Maharashtra,Mumbai,2,36692.06,0.05,69714.91,40703.27,29011.64,UPI,Small Business
ORD-100203,2024-06-03,CUST-0003,Customer 3,PRD-0028,Phones Item 17,Electronics,Phones,North,Delhi,New Delhi,1,20737.13,0,20737.13,11687.31,9049.82,Net Banking,Corporate
ORD-100204,2025-07-18,CUST-0106,Customer 106,PRD-0002,Audio Item 1,Electronics,Audio,Central,Madhya Pradesh,Bhopal,4,33032.36,0,132129.44,72845.93,59283.51,Cash on Delivery,Small Business
ORD-100205,2024-07-02,CUST-0028,Customer 28,PRD-0013,Tables Item 17,Furniture,Tables,North,Delhi,New Delhi,5,40695.23,0.1,183128.54,130247.16,52881.38,Credit Card,Consumer
ORD-100206,2024-03-21,CUST-0096,Customer 96,PRD-0052,Audio Item 15,Electronics,Audio,Central,Madhya Pradesh,Bhopal,3,40797.68,0.05,116273.39,82436.35,33837.04,Cash on Delivery,Consumer
ORD-100207,2025-01-23,CUST-0097,Customer 97,PRD-0071,Men Item 16,Clothing,Men,East,West Bengal,Kolkata,1,32756.04,0,32756.04,18628.36,14127.68,UPI,Small Business
ORD-100208,2024-12-05,CUST-0145,Customer 145,PRD-0013,Audio Item 17,Electronics,Audio,South,Karnataka,Bengaluru,1,25092.95,0.1,22583.66,15333.89,7249.77,UPI,Consumer
ORD-100209,2024-10-14,CUST-0140,Customer 140,PRD-0073,Audio Item 2,Electronics,Audio,Central,Madhya Pradesh,Bhopal,4,13700.53,0,54802.12,37642.8,17159.32,Credit Card,Corporate
ORD-100210,2024-11-02,CUST-0042,Customer 42,PRD-0073,Phones Item 8,Electronics,Phones,Central,Madhya Pradesh,Bhopal,2,37662.27,0.1,67792.09,49879.72,17912.37,Cash on Delivery,Corporate
ORD-100211,2024-12-20,CUST-0014,Customer 14,PRD-0013,Women Item 14,Clothing,Women,West,Maharashtra,Mumbai,2,39566.8,0,79133.6,51449.39,27684.21,Credit Card,Consumer
ORD-100212,2024-12-30,CUST-0142,Customer 142,PRD-0049,Tables Item 14,Furniture,Tables,East,West Bengal,Kolkata,1,31779.32,0.1,28601.39,18537.15,10064.24,Credit Card,Small Business
ORD-100213,2024-03-25,CUST-0069,Customer 69,PRD-0020,Women Item 13,Clothing,Women,North,Delhi,New Delhi,5,14909.9,0,74549.5,51634.6,22914.9,Credit Card,Small Business
ORD-100214,2024-10-03,CUST-0027,Customer 27,PRD-0017,Tables Item 3,Furniture,Tables,East,West Bengal,Kolkata,1,4757.72,0.05,4519.83,2887.93,1631.9,Credit Card,Corporate
ORD-100215,2025-09-04,CUST-0084,Customer 84,PRD-0050,Tables Item 1,Furniture,Tables,North,Delhi,New Delhi,1,4663.02,0.15,3963.57,2253.74,1709.83,Debit Card,Corporate
ORD-100216,2024-06-22,CUST-0036,Customer 36,PRD-0035,Chairs Item 10,Furniture,Chairs,Central,Madhya Pradesh,Bhopal,2,28683.63,0,57367.26,39414.93,17952.33,Debit Card,Corporate
ORD-100217,2024-03-19,CUST-0093,Customer 93,PRD-0033,Phones Item 8,Electronics,Phones,South,Karnataka,Bengaluru,4,13942.9,0.05,52983.02,34271.87,18711.15,Net Banking,Small Business
ORD-100218,2024-12-06,CUST-0159,Customer 159,PRD-0049,Men Item 11,Clothing,Men,West,Maharashtra,Mumbai,1,6947.38,0,6947.38,5139.43,1807.95,Net Banking,Corporate
ORD-100219,2024-06-30,CUST-0102,Customer 102,PRD-0041,Chairs Item 10,Furniture,Chairs,East,West Bengal,Kolkata,3,30239.92,0,90719.76,58587.0,32132.76,Net Banking,Small Business
ORD-100220,2025-07-31,CUST-0052,Customer 52,PRD-0076,Laptops Item 18,Electronics,Laptops,West,Maharashtra,Mumbai,3,40861.43,0.1,110325.86,68733.35,41592.51,Credit Card,Small Business
ORD-100221,2024-03-11,CUST-0105,Customer 105,PRD-0064,Men Item 5,Clothing,Men,West,Maharashtra,Mumbai,2,22035.06,0.05,41866.61,29987.23,11879.38,Debit Card,Consumer
ORD-100222,2025-02-14,CUST-0137,Customer 137,PRD-0065,Chairs Item 14,Furniture,Chairs,West,Maharashtra,Mumbai,4,3883.46,0.15,13203.76,8527.61,4676.15,Cash on Delivery,Consumer
ORD-100223,2025-09-19,CUST-0012,Customer 12,PRD-0073,Chairs Item 13,Furniture,Chairs,North,Delhi,New Delhi,2,32948.56,0.05,62602.26,36513.88,26088.38,Debit Card,Corporate
ORD-100224,2025-08-12,CUST-0057,Customer 57,PRD-0058,Phones Item 12,Electronics,Phones,North,Delhi,New Delhi,3,11255.65,0.15,28701.91,18989.15,9712.76,Net Banking,Corporate
ORD-100225,2024-03-28,CUST-0030,Customer 30,PRD-0019,Men Item 12,Clothing,Men,East,West Bengal,Kolkata,1,24242.0,0.05,23029.9,14582.42,8447.48,Debit Card,Corporate
ORD-100226,2025-04-08,CUST-0082,Customer 82,PRD-0009,Chairs Item 10,Furniture,Chairs,Central,Madhya Pradesh,Bhopal,4,17545.35,0,70181.4,44749.99,25431.41,UPI,Small Business
ORD-100227,2024-09-06,CUST-0133,Customer 133,PRD-0023,Phones Item 18,Electronics,Phones,East,West Bengal,Kolkata,1,33921.54,0,33921.54,24965.73,8955.81,Credit Card,Corporate
ORD-100228,2025-03-18,CUST-0102,Customer 102,PRD-0004,Women Item 20,Clothing,Women,West,Maharashtra,Mumbai,2,39928.24,0,79856.48,46897.9,32958.58,Credit Card,Corporate
ORD-100229,2024-03-05,CUST-0148,Customer 148,PRD-0014,Women Item 18,Clothing,Women,West,Maharashtra,Mumbai,1,35295.83,0,35295.83,21377.59,13918.24,Credit Card,Corporate
ORD-100230,2024-11-16,CUST-0153,Customer 153,PRD-0050,Chairs Item 20,Furniture,Chairs,West,Maharashtra,Mumbai,1,13265.2,0.1,11938.68,7826.32,4112.36,Net Banking,Small Business
ORD-100231,2025-08-27,CUST-0022,Customer 22,PRD-0018,Laptops Item 11,Electronics,Laptops,East,West Bengal,Kolkata,4,30944.66,0.05,117589.71,86279.86,31309.85,UPI,Consumer
ORD-100232,2025-09-02,CUST-0036,Customer 36,PRD-0074,Chairs Item 13,Furniture,Chairs,South,Karnataka,Bengaluru,3,34733.14,0.15,88569.51,55594.43,32975.08,Net Banking,Consumer
ORD-100233,2025-04-06,CUST-0159,Customer 159,PRD-0007,Chairs Item 12,Furniture,Chairs,Central,Madhya Pradesh,Bhopal,2,24584.17,0,49168.34,28882.45,20285.89,UPI,Corporate
ORD-100234,2025-05-18,CUST-0107,Customer 107,PRD-0057,Phones Item 16,Electronics,Phones,West,Maharashtra,Mumbai,5,25370.81,0.1,114168.65,72134.82,42033.83,Credit Card,Consumer
ORD-100235,2024-06-21,CUST-0200,Customer 200,PRD-0059,Men Item 19,Clothing,Men,South,Karnataka,Bengaluru,3,1828.22,0,5484.66,3606.28,1878.38,Net Banking,Small Business
ORD-100236,2025-01-10,CUST-0139,Customer 139,PRD-0006,Men Item 15,Clothing,Men,Central,Madhya Pradesh,Bhopal,1,13540.87,0.15,11509.74,8225.51,3284.23,Cash on Delivery,Consumer
ORD-100237,2024-12-22,CUST-0023,Customer 23,PRD-0057,Chairs Item 4,Furniture,Chairs,South,Karnataka,Bengaluru,3,43765.53,0,131296.59,84022.79,47273.8,Credit Card,Consumer
ORD-100238,2024-07-30,CUST-0016,Customer 16,PRD-0073,Women Item 12,Clothing,Women,Central,Madhya Pradesh,Bhopal,4,8465.88,0,33863.52,23940.49,9923.03,Cash on Delivery,Corporate
ORD-100239,2025-06-10,CUST-0174,Customer 174,PRD-0013,Men Item 5,Clothing,Men,East,West Bengal,Kolkata,3,14608.8,0.05,41635.08,30829.92,10805.16,Net Banking,Consumer
ORD-100240,2025-02-06,CUST-0126,Customer 126,PRD-0019,Chairs Item 19,Furniture,Chairs,South,Karnataka,Bengaluru,2,7482.92,0.05,14217.55,10175.45,4042.1,Debit Card,Small Business
ORD-100241,2024-10-11,CUST-0178,Customer 178,PRD-0048,Tables Item 15,Furniture,Tables,West,Maharashtra,Mumbai,1,31754.66,0,31754.66,20023.54,11731.12,Net Banking,Corporate
ORD-100242,2025-07-01,CUST-0102,Customer 102,PRD-0028,Men Item 14,Clothing,Men,North,Delhi,New Delhi,4,31815.06,0.05,120897.23,87048.57,33848.66,Credit Card,Corporate
ORD-100243,2025-05-11,CUST-0088,Customer 88,PRD-0007,Tables Item 2,Furniture,Tables,East,West Bengal,Kolkata,3,27456.06,0,82368.18,54628.92,27739.26,UPI,Small Business
ORD-100244,2025-03-14,CUST-0052,Customer 52,PRD-0017,Chairs Item 10,Furniture,Chairs,North,Delhi,New Delhi,2,22176.04,0,44352.08,33191.66,11160.42,Credit Card,Corporate
ORD-100245,2025-10-02,CUST-0079,Customer 79,PRD-0030,Audio Item 14,Electronics,Audio,East,West Bengal,Kolkata,3,4304.54,0,12913.62,7236.24,5677.38,UPI,Small Business
ORD-100246,2025-03-31,CUST-0003,Customer 3,PRD-0002,Phones Item 11,Electronics,Phones,South,Karnataka,Bengaluru,4,4081.35,0.15,13876.59,8259.88,5616.71,UPI,Corporate
ORD-100247,2024-04-14,CUST-0027,Customer 27,PRD-0041,Men Item 12,Clothing,Men,West,Maharashtra,Mumbai,1,11601.55,0,11601.55,8076.45,3525.1,Debit Card,Consumer
ORD-100248,2024-06-17,CUST-0113,Customer 113,PRD-0045,Chairs Item 7,Furniture,Chairs,South,Karnataka,Bengaluru,1,26619.31,0,26619.31,17889.88,8729.43,Credit Card,Corporate
ORD-100249,2025-08-26,CUST-0187,Customer 187,PRD-0050,Women Item 12,Clothing,Women,South,Karnataka,Bengaluru,1,44850.33,0,44850.33,31417.17,13433.16,Net Banking,Corporate
ORD-100250,2025-09-14,CUST-0073,Customer 73,PRD-0004,Phones Item 10,Electronics,Phones,East,West Bengal,Kolkata,1,12558.72,0.15,10674.91,7152.21,3522.7,Credit Card,Small Business
ORD-100251,2024-04-25,CUST-0062,Customer 62,PRD-0064,Men Item 20,Clothing,Men,West,Maharashtra,Mumbai,3,32379.25,0,97137.75,63040.22,34097.53,UPI,Small Business
ORD-100252,2025-07-13,CUST-0175,Customer 175,PRD-0023,Laptops Item 16,Electronics,Laptops,East,West Bengal,Kolkata,2,19464.54,0.15,33089.72,20984.6,12105.12,UPI,Consumer
ORD-100253,2025-02-11,CUST-0130,Customer 130,PRD-0037,Men Item 17,Clothing,Men,North,Delhi,New Delhi,3,10944.0,0,32832.0,24287.01,8544.99,Net Banking,Corporate
ORD-100254,2024-11-13,CUST-0021,Customer 21,PRD-0066,Women Item 7,Clothing,Women,North,Delhi,New Delhi,5,26975.24,0,134876.2,81666.67,53209.53,Credit Card,Small Business
ORD-100255,2024-09-01,CUST-0015,Customer 15,PRD-0032,Tables Item 3,Furniture,Tables,Central,Madhya Pradesh,Bhopal,1,15646.44,0.1,14081.8,9800.82,4280.98,Net Banking,Consumer
ORD-100256,2024-06-16,CUST-0128,Customer 128,PRD-0045,Chairs Item 17,Furniture,Chairs,East,West Bengal,Kolkata,2,6148.26,0,12296.52,8488.29,3808.23,Cash on Delivery,Small Business
ORD-100257,2024-04-30,CUST-0198,Customer 198,PRD-0004,Chairs Item 11,Furniture,Chairs,East,West Bengal,Kolkata,2,37538.86,0.05,71323.83,49683.26,21640.57,Net Banking,Corporate
ORD-100258,2025-01-03,CUST-0015,Customer 15,PRD-0064,Men Item 19,Clothing,Men,East,West Bengal,Kolkata,5,31451.14,0.1,141530.13,90726.41,50803.72,Credit Card,Corporate
ORD-100259,2025-06-05,CUST-0001,Customer 1,PRD-0006,Laptops Item 1,Electronics,Laptops,North,Delhi,New Delhi,5,33771.2,0,168856.0,100584.29,68271.71,Credit Card,Consumer
ORD-100260,2025-03-05,CUST-0058,Customer 58,PRD-0042,Tables Item 8,Furniture,Tables,West,Maharashtra,Mumbai,2,9112.25,0,18224.5,12038.61,6185.89,Net Banking,Small Business
ORD-100261,2024-02-23,CUST-0046,Customer 46,PRD-0029,Tables Item 17,Furniture,Tables,North,Delhi,New Delhi,5,18765.85,0.15,79754.86,54605.37,25149.49,UPI,Corporate
ORD-100262,2025-01-12,CUST-0052,Customer 52,PRD-0038,Laptops Item 19,Electronics,Laptops,East,West Bengal,Kolkata,3,16499.59,0.15,42073.95,26984.1,15089.85,Debit Card,Small Business
ORD-100263,2024-07-19,CUST-0188,Customer 188,PRD-0070,Men Item 8,Clothing,Men,West,Maharashtra,Mumbai,3,29666.21,0.1,80098.77,60038.63,20060.14,Credit Card,Consumer
ORD-100264,2024-01-02,CUST-0195,Customer 195,PRD-0049,Chairs Item 10,Furniture,Chairs,South,Karnataka,Bengaluru,5,17451.9,0,87259.5,64589.31,22670.19,UPI,Consumer
ORD-100265,2024-04-05,CUST-0012,Customer 12,PRD-0030,Men Item 17,Clothing,Men,West,Maharashtra,Mumbai,4,48067.02,0,192268.08,133113.05,59155.03,Net Banking,Small Business
ORD-100266,2025-02-07,CUST-0020,Customer 20,PRD-0076,Tables Item 19,Furniture,Tables,North,Delhi,New Delhi,5,4959.73,0,24798.65,16799.68,7998.97,UPI,Corporate
ORD-100267,2025-02-06,CUST-0180,Customer 180,PRD-0042,Men Item 11,Clothing,Men,South,Karnataka,Bengaluru,3,13197.35,0.05,37612.45,27652.99,9959.46,Net Banking,Corporate
ORD-100268,2024-04-18,CUST-0043,Customer 43,PRD-0058,Phones Item 15,Electronics,Phones,South,Karnataka,Bengaluru,2,39040.86,0.15,66369.46,37949.7,28419.76,Debit Card,Corporate
ORD-100269,2024-05-02,CUST-0024,Customer 24,PRD-0021,Audio Item 10,Electronics,Audio,East,West Bengal,Kolkata,2,22705.47,0.1,40869.85,24644.58,16225.27,Cash on Delivery,Consumer
ORD-100270,2024-02-20,CUST-0174,Customer 174,PRD-0039,Laptops Item 9,Electronics,Laptops,South,Karnataka,Bengaluru,1,35615.64,0.05,33834.86,21290.55,12544.31,Credit Card,Consumer
ORD-100271,2024-05-23,CUST-0032,Customer 32,PRD-0002,Tables Item 2,Furniture,Tables,Central,Madhya Pradesh,Bhopal,5,12642.66,0.1,56891.97,32450.13,24441.84,Credit Card,Consumer
ORD-100272,2024-03-17,CUST-0006,Customer 6,PRD-0009,Laptops Item 7,Electronics,Laptops,East,West Bengal,Kolkata,1,29199.73,0.05,27739.74,20346.7,7393.04,Net Banking,Consumer
ORD-100273,2025-08-10,CUST-0111,Customer 111,PRD-0051,Laptops Item 16,Electronics,Laptops,North,Delhi,New Delhi,1,47125.58,0,47125.58,27502.39,19623.19,UPI,Corporate
ORD-100274,2025-04-01,CUST-0039,Customer 39,PRD-0005,Women Item 20,Clothing,Women,South,Karnataka,Bengaluru,3,10892.86,0,32678.58,19770.42,12908.16,Cash on Delivery,Small Business
ORD-100275,2024-03-30,CUST-0072,Customer 72,PRD-0050,Audio Item 5,Electronics,Audio,East,West Bengal,Kolkata,4,20717.21,0.15,70438.51,45489.63,24948.88,Net Banking,Consumer
ORD-100276,2025-05-11,CUST-0089,Customer 89,PRD-0073,Men Item 17,Clothing,Men,Central,Madhya Pradesh,Bhopal,1,49472.3,0.05,46998.68,30358.18,16640.5,Debit Card,Corporate
ORD-100277,2024-10-14,CUST-0015,Customer 15,PRD-0061,Chairs Item 17,Furniture,Chairs,North,Delhi,New Delhi,3,29936.39,0,89809.17,65484.62,24324.55,Debit Card,Small Business
ORD-100278,2024-02-27,CUST-0196,Customer 196,PRD-0029,Phones Item 19,Electronics,Phones,North,Delhi,New Delhi,2,32911.85,0.05,62532.51,41067.47,21465.04,Net Banking,Corporate
ORD-100279,2024-01-29,CUST-0181,Customer 181,PRD-0046,Phones Item 19,Electronics,Phones,South,Karnataka,Bengaluru,5,16036.62,0.05,76173.95,55819.97,20353.98,Cash on Delivery,Consumer
ORD-100280,2024-02-27,CUST-0060,Customer 60,PRD-0078,Men Item 8,Clothing,Men,West,Maharashtra,Mumbai,5,15590.84,0.1,70158.78,39120.03,31038.75,UPI,Small Business
ORD-100281,2024-06-30,CUST-0083,Customer 83,PRD-0008,Chairs Item 1,Furniture,Chairs,East,West Bengal,Kolkata,5,10232.93,0,51164.65,31627.52,19537.13,Credit Card,Small Business
ORD-100282,2025-02-09,CUST-0151,Customer 151,PRD-0013,Men Item 11,Clothing,Men,North,Delhi,New Delhi,5,43061.34,0,215306.7,134506.0,80800.7,Debit Card,Corporate
ORD-100283,2025-07-29,CUST-0178,Customer 178,PRD-0079,Phones Item 12,Electronics,Phones,West,Maharashtra,Mumbai,4,32529.18,0,130116.72,89967.46,40149.26,Credit Card,Small Business
ORD-100284,2024-01-02,CUST-0180,Customer 180,PRD-0074,Men Item 13,Clothing,Men,West,Maharashtra,Mumbai,3,36752.95,0.05,104745.91,60278.09,44467.82,Cash on Delivery,Consumer
ORD-100285,2025-05-23,CUST-0037,Customer 37,PRD-0043,Audio Item 3,Electronics,Audio,East,West Bengal,Kolkata,5,11200.58,0.15,47602.46,27172.53,20429.93,Credit Card,Corporate
ORD-100286,2024-03-10,CUST-0090,Customer 90,PRD-0033,Chairs Item 4,Furniture,Chairs,North,Delhi,New Delhi,3,22442.17,0.05,63960.18,37860.39,26099.79,UPI,Consumer
ORD-100287,2024-12-25,CUST-0140,Customer 140,PRD-0049,Tables Item 4,Furniture,Tables,West,Maharashtra,Mumbai,2,44250.69,0.1,79651.24,57855.01,21796.23,Net Banking,Small Business
ORD-100288,2024-11-22,CUST-0067,Customer 67,PRD-0014,Men Item 3,Clothing,Men,South,Karnataka,Bengaluru,4,3870.73,0,15482.92,9428.82,6054.1,Debit Card,Consumer
ORD-100289,2025-09-20,CUST-0124,Customer 124,PRD-0004,Chairs Item 14,Furniture,Chairs,North,Delhi,New Delhi,5,47103.34,0,235516.7,145452.79,90063.91,Credit Card,Small Business
ORD-100290,2025-07-21,CUST-0185,Customer 185,PRD-0070,Chairs Item 9,Furniture,Chairs,North,Delhi,New Delhi,1,16688.51,0,16688.51,10544.73,6143.78,Debit Card,Corporate
ORD-100291,2025-01-04,CUST-0001,Customer 1,PRD-0055,Phones Item 3,Electronics,Phones,North,Delhi,New Delhi,4,28674.14,0.1,103226.9,59945.72,43281.18,Debit Card,Small Business
ORD-100292,2024-03-24,CUST-0122,Customer 122,PRD-0015,Women Item 10,Clothing,Women,South,Karnataka,Bengaluru,1,1481.64,0,1481.64,1004.02,477.62,Net Banking,Corporate
ORD-100293,2025-01-13,CUST-0048,Customer 48,PRD-0058,Tables Item 2,Furniture,Tables,North,Delhi,New Delhi,5,19498.85,0.05,92619.54,67343.53,25276.01,Debit Card,Corporate
ORD-100294,2024-04-09,CUST-0022,Customer 22,PRD-0045,Tables Item 18,Furniture,Tables,South,Karnataka,Bengaluru,3,28299.48,0,84898.44,59466.86,25431.58,Net Banking,Small Business
ORD-100295,2025-05-01,CUST-0147,Customer 147,PRD-0031,Audio Item 16,Electronics,Audio,North,Delhi,New Delhi,4,40956.58,0.1,147443.69,109569.17,37874.52,Debit Card,Consumer
ORD-100296,2025-09-27,CUST-0038,Customer 38,PRD-0016,Chairs Item 15,Furniture,Chairs,Central,Madhya Pradesh,Bhopal,5,45042.66,0.15,191431.31,131227.5,60203.81,Credit Card,Consumer
ORD-100297,2024-05-31,CUST-0153,Customer 153,PRD-0034,Phones Item 11,Electronics,Phones,South,Karnataka,Bengaluru,1,21284.07,0.1,19155.66,11309.19,7846.47,UPI,Consumer
ORD-100298,2024-01-13,CUST-0180,Customer 180,PRD-0080,Tables Item 19,Furniture,Tables,Central,Madhya Pradesh,Bhopal,3,42859.88,0.15,109292.69,70125.63,39167.06,Cash on Delivery,Corporate
ORD-100299,2024-04-12,CUST-0028,Customer 28,PRD-0073,Laptops Item 4,Electronics,Laptops,South,Karnataka,Bengaluru,2,28416.38,0.15,48307.85,33896.43,14411.42,Debit Card,Small Business
ORD-100300,2024-02-08,CUST-0045,Customer 45,PRD-0036,Tables Item 13,Furniture,Tables,East,West Bengal,Kolkata,4,32808.43,0.15,111548.66,74937.55,36611.11,Credit Card,Small Business
ORD-100301,2024-02-20,CUST-0191,Customer 191,PRD-0061,Women Item 9,Clothing,Women,North,Delhi,New Delhi,4,44500.8,0.05,169103.04,116360.27,52742.77,Debit Card,Consumer
ORD-100302,2024-08-21,CUST-0035,Customer 35,PRD-0039,Tables Item 15,Furniture,Tables,East,West Bengal,Kolkata,3,42173.76,0,126521.28,94195.01,32326.27,Debit Card,Corporate
ORD-100303,2025-02-20,CUST-0190,Customer 190,PRD-0063,Women Item 17,Clothing,Women,Central,Madhya Pradesh,Bhopal,1,9559.2,0,9559.2,7003.9,2555.3,Debit Card,Consumer
ORD-100304,2025-06-20,CUST-0146,Customer 146,PRD-0004,Men Item 6,Clothing,Men,North,Delhi,New Delhi,3,35536.56,0.1,95948.71,55374.88,40573.83,Credit Card,Consumer
ORD-100305,2024-10-07,CUST-0095,Customer 95,PRD-0060,Phones Item 17,Electronics,Phones,North,Delhi,New Delhi,4,2717.85,0.05,10327.83,7135.77,3192.06,Net Banking,Small Business
ORD-100306,2025-04-30,CUST-0151,Customer 151,PRD-0071,Audio Item 12,Electronics,Audio,North,Delhi,New Delhi,2,18748.84,0.15,31873.03,20373.9,11499.13,Debit Card,Consumer
ORD-100307,2024-08-07,CUST-0057,Customer 57,PRD-0029,Chairs Item 7,Furniture,Chairs,East,West Bengal,Kolkata,1,19450.97,0,19450.97,14019.56,5431.41,Debit Card,Small Business
ORD-100308,2024-01-09,CUST-0058,Customer 58,PRD-0033,Chairs Item 20,Furniture,Chairs,North,Delhi,New Delhi,4,45593.47,0,182373.88,122232.15,60141.73,Debit Card,Small Business
ORD-100309,2025-04-22,CUST-0078,Customer 78,PRD-0067,Women Item 20,Clothing,Women,West,Maharashtra,Mumbai,4,42608.99,0.1,153392.36,92096.73,61295.63,Net Banking,Small Business
ORD-100310,2024-11-01,CUST-0176,Customer 176,PRD-0014,Phones Item 16,Electronics,Phones,Central,Madhya Pradesh,Bhopal,3,28160.56,0.15,71809.43,48242.29,23567.14,UPI,Corporate
ORD-100311,2025-06-13,CUST-0196,Customer 196,PRD-0031,Tables Item 2,Furniture,Tables,East,West Bengal,Kolkata,3,32874.76,0.05,93693.07,55060.8,38632.27,Cash on Delivery,Corporate
ORD-100312,2025-03-04,CUST-0104,Customer 104,PRD-0050,Women Item 2,Clothing,Women,South,Karnataka,Bengaluru,1,32838.95,0.05,31197.0,18777.01,12419.99,Cash on Delivery,Small Business
ORD-100313,2025-01-02,CUST-0130,Customer 130,PRD-0039,Men Item 6,Clothing,Men,East,West Bengal,Kolkata,2,34378.64,0.1,61881.55,45254.31,16627.24,Cash on Delivery,Consumer
ORD-100314,2024-07-06,CUST-0175,Customer 175,PRD-0043,Chairs Item 3,Furniture,Chairs,West,Maharashtra,Mumbai,2,37097.76,0.15,63066.19,44309.27,18756.92,Credit Card,Corporate
ORD-100315,2025-08-22,CUST-0076,Customer 76,PRD-0060,Audio Item 4,Electronics,Audio,East,West Bengal,Kolkata,4,39446.9,0.05,149898.22,93586.93,56311.29,Net Banking,Consumer
ORD-100316,2025-02-27,CUST-0014,Customer 14,PRD-0020,Men Item 5,Clothing,Men,West,Maharashtra,Mumbai,2,25123.77,0.1,45222.79,29664.69,15558.1,Credit Card,Corporate
ORD-100317,2025-05-14,CUST-0086,Customer 86,PRD-0023,Tables Item 11,Furniture,Tables,South,Karnataka,Bengaluru,3,43147.22,0,129441.66,91358.4,38083.26,UPI,Consumer
ORD-100318,2024-03-31,CUST-0034,Customer 34,PRD-0079,Tables Item 14,Furniture,Tables,South,Karnataka,Bengaluru,2,28898.69,0,57797.38,37447.81,20349.57,Net Banking,Corporate
ORD-100319,2024-01-15,CUST-0083,Customer 83,PRD-0068,Tables Item 7,Furniture,Tables,West,Maharashtra,Mumbai,1,2078.72,0,2078.72,1447.06,631.66,UPI,Small Business
ORD-100320,2024-04-15,CUST-0099,Customer 99,PRD-0065,Audio Item 19,Electronics,Audio,South,Karnataka,Bengaluru,2,34737.53,0.05,66001.31,40420.42,25580.89,Debit Card,Consumer
ORD-100321,2024-12-11,CUST-0112,Customer 112,PRD-0018,Phones Item 11,Electronics,Phones,East,West Bengal,Kolkata,3,22905.13,0.15,58408.08,39091.01,19317.07,Net Banking,Corporate
ORD-100322,2024-01-23,CUST-0151,Customer 151,PRD-0065,Phones Item 6,Electronics,Phones,West,Maharashtra,Mumbai,1,11575.23,0,11575.23,6855.29,4719.94,UPI,Corporate
ORD-100323,2024-02-19,CUST-0170,Customer 170,PRD-0014,Men Item 1,Clothing,Men,West,Maharashtra,Mumbai,3,38608.23,0.15,98450.99,55104.73,43346.26,UPI,Small Business
ORD-100324,2024-06-05,CUST-0053,Customer 53,PRD-0002,Laptops Item 10,Electronics,Laptops,West,Maharashtra,Mumbai,4,6355.03,0.05,24149.11,15573.26,8575.85,Net Banking,Small Business
ORD-100325,2024-04-17,CUST-0131,Customer 131,PRD-0080,Audio Item 4,Electronics,Audio,Central,Madhya Pradesh,Bhopal,3,31215.33,0,93645.99,59349.56,34296.43,Debit Card,Consumer
ORD-100326,2024-07-25,CUST-0092,Customer 92,PRD-0053,Laptops Item 10,Electronics,Laptops,South,Karnataka,Bengaluru,5,10147.52,0.05,48200.72,34526.16,13674.56,Credit Card,Consumer
ORD-100327,2024-04-01,CUST-0029,Customer 29,PRD-0074,Women Item 16,Clothing,Women,South,Karnataka,Bengaluru,4,16664.06,0,66656.24,36830.9,29825.34,Credit Card,Consumer
ORD-100328,2024-10-30,CUST-0068,Customer 68,PRD-0060,Men Item 2,Clothing,Men,North,Delhi,New Delhi,3,32287.97,0.1,87177.52,65185.52,21992.0,UPI,Consumer
ORD-100329,2024-02-16,CUST-0003,Customer 3,PRD-0018,Laptops Item 6,Electronics,Laptops,East,West Bengal,Kolkata,3,21414.56,0,64243.68,36554.63,27689.05,Debit Card,Corporate
ORD-100330,2025-02-13,CUST-0117,Customer 117,PRD-0035,Tables Item 13,Furniture,Tables,North,Delhi,New Delhi,3,40785.22,0,122355.66,70081.21,52274.45,Net Banking,Corporate
ORD-100331,2024-06-12,CUST-0027,Customer 27,PRD-0054,Men Item 19,Clothing,Men,North,Delhi,New Delhi,2,34869.26,0,69738.52,52046.82,17691.7,Net Banking,Small Business
ORD-100332,2024-05-13,CUST-0124,Customer 124,PRD-0063,Women Item 4,Clothing,Women,South,Karnataka,Bengaluru,5,19111.59,0.05,90780.05,61028.86,29751.19,Net Banking,Corporate
ORD-100333,2025-08-13,CUST-0186,Customer 186,PRD-0073,Phones Item 8,Electronics,Phones,East,West Bengal,Kolkata,3,815.54,0.15,2079.63,1463.03,616.6,Debit Card,Small Business
ORD-100334,2025-07-25,CUST-0157,Customer 157,PRD-0007,Men Item 1,Clothing,Men,West,Maharashtra,Mumbai,2,24200.1,0.1,43560.18,25253.18,18307.0,Credit Card,Small Business
ORD-100335,2024-10-11,CUST-0013,Customer 13,PRD-0065,Tables Item 8,Furniture,Tables,South,Karnataka,Bengaluru,1,37621.21,0.05,35740.15,21378.98,14361.17,Cash on Delivery,Small Business
ORD-100336,2025-05-25,CUST-0115,Customer 115,PRD-0041,Tables Item 4,Furniture,Tables,South,Karnataka,Bengaluru,1,23062.91,0.15,19603.47,12538.77,7064.7,Net Banking,Small Business
ORD-100337,2024-04-03,CUST-0155,Customer 155,PRD-0080,Men Item 10,Clothing,Men,North,Delhi,New Delhi,4,20734.46,0.15,70497.16,46515.42,23981.74,Cash on Delivery,Small Business
ORD-100338,2025-04-10,CUST-0085,Customer 85,PRD-0072,Audio Item 20,Electronics,Audio,West,Maharashtra,Mumbai,3,18294.46,0,54883.38,39149.29,15734.09,Cash on Delivery,Corporate
ORD-100339,2024-12-29,CUST-0163,Customer 163,PRD-0038,Women Item 18,Clothing,Women,West,Maharashtra,Mumbai,1,5052.36,0,5052.36,2781.02,2271.34,Cash on Delivery,Corporate
ORD-100340,2025-09-17,CUST-0051,Customer 51,PRD-0025,Men Item 4,Clothing,Men,North,Delhi,New Delhi,2,24722.62,0.1,44500.72,25427.37,19073.35,Net Banking,Consumer
ORD-100341,2025-08-25,CUST-0032,Customer 32,PRD-0058,Chairs Item 15,Furniture,Chairs,East,West Bengal,Kolkata,1,37906.04,0,37906.04,27873.27,10032.77,Cash on Delivery,Small Business
ORD-100342,2025-08-22,CUST-0124,Customer 124,PRD-0066,Laptops Item 6,Electronics,Laptops,North,Delhi,New Delhi,5,36863.45,0.15,156669.66,115475.2,41194.46,Cash on Delivery,Consumer
ORD-100343,2025-05-31,CUST-0099,Customer 99,PRD-0054,Men Item 20,Clothing,Men,North,Delhi,New Delhi,4,32944.59,0.15,112011.61,81380.82,30630.79,Credit Card,Corporate
ORD-100344,2025-06-08,CUST-0077,Customer 77,PRD-0071,Tables Item 11,Furniture,Tables,East,West Bengal,Kolkata,4,40278.88,0,161115.52,101913.48,59202.04,Cash on Delivery,Small Business
ORD-100345,2024-05-15,CUST-0182,Customer 182,PRD-0023,Phones Item 17,Electronics,Phones,South,Karnataka,Bengaluru,5,35776.35,0.05,169937.66,124774.75,45162.91,Cash on Delivery,Small Business
ORD-100346,2025-03-03,CUST-0173,Customer 173,PRD-0069,Women Item 10,Clothing,Women,North,Delhi,New Delhi,3,28201.55,0.15,71913.95,47760.04,24153.91,Net Banking,Consumer
ORD-100347,2024-06-13,CUST-0074,Customer 74,PRD-0033,Men Item 5,Clothing,Men,North,Delhi,New Delhi,4,7437.27,0,29749.08,17551.38,12197.7,UPI,Small Business
ORD-100348,2025-07-29,CUST-0058,Customer 58,PRD-0072,Chairs Item 13,Furniture,Chairs,Central,Madhya Pradesh,Bhopal,1,18062.39,0.1,16256.15,9274.07,6982.08,Credit Card,Small Business
ORD-100349,2024-02-25,CUST-0004,Customer 4,PRD-0033,Women Item 7,Clothing,Women,North,Delhi,New Delhi,4,19500.22,0.05,74100.84,55069.27,19031.57,Cash on Delivery,Corporate
ORD-100350,2024-07-17,CUST-0076,Customer 76,PRD-0058,Audio Item 6,Electronics,Audio,East,West Bengal,Kolkata,5,27421.43,0.15,116541.08,68676.94,47864.14,UPI,Consumer
ORD-100351,2024-09-27,CUST-0034,Customer 34,PRD-0021,Audio Item 19,Electronics,Audio,Central,Madhya Pradesh,Bhopal,1,18984.47,0.1,17086.02,10351.09,6734.93,Debit Card,Consumer
ORD-100352,2025-10-02,CUST-0158,Customer 158,PRD-0039,Tables Item 16,Furniture,Tables,South,Karnataka,Bengaluru,1,7854.43,0.05,7461.71,4994.69,2467.02,Cash on Delivery,Small Business
ORD-100353,2025-06-01,CUST-0041,Customer 41,PRD-0054,Chairs Item 18,Furniture,Chairs,East,West Bengal,Kolkata,5,11154.11,0,55770.55,36480.7,19289.85,Cash on Delivery,Corporate
ORD-100354,2024-08-11,CUST-0193,Customer 193,PRD-0080,Laptops Item 17,Electronics,Laptops,South,Karnataka,Bengaluru,2,33234.06,0.05,63144.71,39286.09,23858.62,Net Banking,Small Business
ORD-100355,2024-09-06,CUST-0011,Customer 11,PRD-0042,Men Item 13,Clothing,Men,North,Delhi,New Delhi,3,22394.23,0.15,57105.29,41899.38,15205.91,UPI,Corporate
ORD-100356,2025-06-04,CUST-0115,Customer 115,PRD-0063,Tables Item 2,Furniture,Tables,North,Delhi,New Delhi,5,41141.03,0.05,195419.89,127582.18,67837.71,Debit Card,Small Business
ORD-100357,2025-07-04,CUST-0137,Customer 137,PRD-0001,Laptops Item 3,Electronics,Laptops,Central,Madhya Pradesh,Bhopal,1,47420.95,0,47420.95,35296.63,12124.32,Credit Card,Small Business
ORD-100358,2024-03-14,CUST-0192,Customer 192,PRD-0020,Men Item 1,Clothing,Men,West,Maharashtra,Mumbai,1,10437.86,0.1,9394.07,6381.51,3012.56,Net Banking,Small Business
ORD-100359,2025-08-11,CUST-0059,Customer 59,PRD-0034,Chairs Item 14,Furniture,Chairs,North,Delhi,New Delhi,1,2902.55,0.05,2757.42,1824.36,933.06,Net Banking,Corporate
ORD-100360,2025-09-25,CUST-0017,Customer 17,PRD-0075,Women Item 2,Clothing,Women,West,Maharashtra,Mumbai,3,1041.17,0,3123.51,2052.04,1071.47,UPI,Corporate
ORD-100361,2025-03-24,CUST-0098,Customer 98,PRD-0051,Men Item 1,Clothing,Men,East,West Bengal,Kolkata,3,30406.98,0.05,86659.89,60926.66,25733.23,Net Banking,Consumer
ORD-100362,2024-05-27,CUST-0077,Customer 77,PRD-0048,Men Item 1,Clothing,Men,South,Karnataka,Bengaluru,4,39879.17,0.15,135589.18,82573.23,53015.95,Cash on Delivery,Small Business
ORD-100363,2024-03-28,CUST-0079,Customer 79,PRD-0027,Phones Item 12,Electronics,Phones,North,Delhi,New Delhi,1,28721.39,0.1,25849.25,16994.08,8855.17,Credit Card,Corporate
ORD-100364,2024-07-04,CUST-0172,Customer 172,PRD-0073,Men Item 2,Clothing,Men,South,Karnataka,Bengaluru,2,11195.24,0.05,21270.96,12525.73,8745.23,Cash on Delivery,Corporate
ORD-100365,2025-05-13,CUST-0085,Customer 85,PRD-0046,Men Item 5,Clothing,Men,East,West Bengal,Kolkata,1,12684.24,0,12684.24,8817.04,3867.2,Credit Card,Consumer
ORD-100366,2024-11-09,CUST-0178,Customer 178,PRD-0075,Chairs Item 5,Furniture,Chairs,South,Karnataka,Bengaluru,3,24395.89,0.05,69528.29,46811.21,22717.08,Cash on Delivery,Small Business
ORD-100367,2025-03-22,CUST-0071,Customer 71,PRD-0047,Tables Item 5,Furniture,Tables,West,Maharashtra,Mumbai,2,440.63,0,881.26,623.17,258.09,Debit Card,Corporate
ORD-100368,2025-09-13,CUST-0021,Customer 21,PRD-0036,Tables Item 5,Furniture,Tables,East,West Bengal,Kolkata,3,24451.17,0,73353.51,42923.1,30430.41,Cash on Delivery,Consumer
ORD-100369,2025-08-15,CUST-0104,Customer 104,PRD-0076,Chairs Item 7,Furniture,Chairs,North,Delhi,New Delhi,1,42509.45,0,42509.45,30289.19,12220.26,UPI,Small Business
ORD-100370,2024-10-24,CUST-0035,Customer 35,PRD-0060,Tables Item 17,Furniture,Tables,South,Karnataka,Bengaluru,3,19746.42,0.15,50353.37,35078.44,15274.93,Cash on Delivery,Consumer
ORD-100371,2025-06-10,CUST-0036,Customer 36,PRD-0058,Tables Item 6,Furniture,Tables,Central,Madhya Pradesh,Bhopal,1,33201.39,0.15,28221.18,19383.22,8837.96,Credit Card,Small Business
ORD-100372,2024-09-27,CUST-0095,Customer 95,PRD-0030,Men Item 2,Clothing,Men,West,Maharashtra,Mumbai,3,2212.91,0.1,5974.86,3563.11,2411.75,Credit Card,Small Business
ORD-100373,2024-11-27,CUST-0027,Customer 27,PRD-0067,Tables Item 9,Furniture,Tables,West,Maharashtra,Mumbai,4,44101.29,0,176405.16,131619.06,44786.1,Debit Card,Small Business
ORD-100374,2025-01-20,CUST-0058,Customer 58,PRD-0067,Men Item 13,Clothing,Men,West,Maharashtra,Mumbai,4,18391.78,0,73567.12,48063.8,25503.32,Debit Card,Corporate
ORD-100375,2024-08-23,CUST-0020,Customer 20,PRD-0066,Tables Item 9,Furniture,Tables,Central,Madhya Pradesh,Bhopal,1,25191.48,0,25191.48,16071.65,9119.83,Credit Card,Consumer
ORD-100376,2025-02-28,CUST-0085,Customer 85,PRD-0015,Phones Item 16,Electronics,Phones,East,West Bengal,Kolkata,5,35921.67,0,179608.35,122532.75,57075.6,Net Banking,Corporate
ORD-100377,2025-08-29,CUST-0042,Customer 42,PRD-0018,Audio Item 17,Electronics,Audio,South,Karnataka,Bengaluru,4,1317.81,0,5271.24,3034.0,2237.24,UPI,Small Business
ORD-100378,2025-09-05,CUST-0145,Customer 145,PRD-0003,Phones Item 10,Electronics,Phones,South,Karnataka,Bengaluru,3,46137.85,0.15,117651.52,87255.98,30395.54,UPI,Consumer
ORD-100379,2025-08-19,CUST-0197,Customer 197,PRD-0024,Tables Item 20,Furniture,Tables,West,Maharashtra,Mumbai,2,11124.32,0.1,20023.78,13419.29,6604.49,Cash on Delivery,Corporate
ORD-100380,2025-01-29,CUST-0034,Customer 34,PRD-0014,Audio Item 1,Electronics,Audio,East,West Bengal,Kolkata,4,29907.36,0,119629.44,71294.69,48334.75,Credit Card,Small Business
ORD-100381,2025-09-06,CUST-0010,Customer 10,PRD-0069,Women Item 17,Clothing,Women,South,Karnataka,Bengaluru,5,4995.67,0.1,22480.51,16418.0,6062.51,UPI,Consumer
ORD-100382,2025-01-14,CUST-0012,Customer 12,PRD-0068,Chairs Item 14,Furniture,Chairs,Central,Madhya Pradesh,Bhopal,5,41410.58,0.1,186347.61,121947.52,64400.09,Credit Card,Corporate
ORD-100383,2024-08-26,CUST-0022,Customer 22,PRD-0037,Tables Item 20,Furniture,Tables,Central,Madhya Pradesh,Bhopal,5,5066.3,0,25331.5,15221.79,10109.71,Cash on Delivery,Corporate
ORD-100384,2025-01-19,CUST-0168,Customer 168,PRD-0027,Chairs Item 11,Furniture,Chairs,North,Delhi,New Delhi,1,28983.76,0,28983.76,18954.0,10029.76,Net Banking,Corporate
ORD-100385,2025-01-09,CUST-0157,Customer 157,PRD-0036,Phones Item 13,Electronics,Phones,West,Maharashtra,Mumbai,5,12830.91,0.15,54531.37,34611.73,19919.64,Credit Card,Corporate
ORD-100386,2024-11-10,CUST-0148,Customer 148,PRD-0045,Women Item 13,Clothing,Women,South,Karnataka,Bengaluru,3,28042.87,0.1,75715.75,45486.66,30229.09,Credit Card,Small Business
ORD-100387,2025-06-04,CUST-0103,Customer 103,PRD-0044,Audio Item 18,Electronics,Audio,South,Karnataka,Bengaluru,4,39198.84,0,156795.36,89382.09,67413.27,Cash on Delivery,Small Business
ORD-100388,2024-05-28,CUST-0121,Customer 121,PRD-0077,Men Item 14,Clothing,Men,South,Karnataka,Bengaluru,4,48235.6,0,192942.4,137157.71,55784.69,UPI,Consumer
ORD-100389,2025-02-14,CUST-0158,Customer 158,PRD-0067,Chairs Item 10,Furniture,Chairs,East,West Bengal,Kolkata,1,30529.64,0.1,27476.68,20226.6,7250.08,Cash on Delivery,Consumer
ORD-100390,2024-02-04,CUST-0154,Customer 154,PRD-0066,Audio Item 17,Electronics,Audio,West,Maharashtra,Mumbai,4,733.38,0.15,2493.49,1514.05,979.44,Credit Card,Small Business
ORD-100391,2024-03-29,CUST-0071,Customer 71,PRD-0052,Audio Item 12,Electronics,Audio,North,Delhi,New Delhi,3,12114.98,0,36344.94,27081.68,9263.26,Net Banking,Corporate
ORD-100392,2025-07-16,CUST-0073,Customer 73,PRD-0072,Men Item 19,Clothing,Men,Central,Madhya Pradesh,Bhopal,1,36898.89,0,36898.89,27077.71,9821.18,Debit Card,Corporate
ORD-100393,2024-09-24,CUST-0045,Customer 45,PRD-0053,Chairs Item 17,Furniture,Chairs,Central,Madhya Pradesh,Bhopal,2,22847.0,0.1,41124.6,27347.09,13777.51,UPI,Small Business
ORD-100394,2025-07-04,CUST-0148,Customer 148,PRD-0033,Audio Item 15,Electronics,Audio,East,West Bengal,Kolkata,3,47361.37,0.15,120771.49,89532.96,31238.53,Net Banking,Small Business
ORD-100395,2025-05-08,CUST-0030,Customer 30,PRD-0034,Chairs Item 3,Furniture,Chairs,East,West Bengal,Kolkata,4,34143.41,0.15,116087.59,83862.22,32225.37,Net Banking,Small Business
ORD-100396,2024-01-10,CUST-0180,Customer 180,PRD-0034,Audio Item 8,Electronics,Audio,South,Karnataka,Bengaluru,3,20738.81,0.05,59105.61,38613.74,20491.87,Debit Card,Consumer
ORD-100397,2024-08-11,CUST-0147,Customer 147,PRD-0035,Tables Item 6,Furniture,Tables,North,Delhi,New Delhi,5,46583.53,0.1,209625.89,128453.41,81172.48,Credit Card,Corporate
ORD-100398,2024-09-12,CUST-0159,Customer 159,PRD-0046,Men Item 5,Clothing,Men,South,Karnataka,Bengaluru,2,43662.58,0,87325.16,52031.95,35293.21,UPI,Consumer
ORD-100399,2025-05-08,CUST-0096,Customer 96,PRD-0080,Audio Item 11,Electronics,Audio,West,Maharashtra,Mumbai,5,529.86,0.15,2251.91,1670.01,581.9,Net Banking,Small Business
ORD-100400,2024-05-11,CUST-0014,Customer 14,PRD-0068,Tables Item 14,Furniture,Tables,South,Karnataka,Bengaluru,5,14157.28,0,70786.4,49552.88,21233.52,Net Banking,Small Business
ORD-100401,2024-05-03,CUST-0179,Customer 179,PRD-0067,Audio Item 15,Electronics,Audio,East,West Bengal,Kolkata,4,43047.93,0,172191.72,110450.52,61741.2,Debit Card,Small Business
ORD-100402,2024-09-22,CUST-0048,Customer 48,PRD-0071,Phones Item 9,Electronics,Phones,South,Karnataka,Bengaluru,4,29134.21,0.05,110710.0,68897.1,41812.9,Credit Card,Corporate
ORD-100403,2025-01-16,CUST-0094,Customer 94,PRD-0052,Tables Item 9,Furniture,Tables,East,West Bengal,Kolkata,2,25038.75,0,50077.5,31740.05,18337.45,Net Banking,Consumer
ORD-100404,2025-07-22,CUST-0111,Customer 111,PRD-0049,Men Item 7,Clothing,Men,Central,Madhya Pradesh,Bhopal,2,40746.7,0.05,77418.73,55030.59,22388.14,Credit Card,Small Business
ORD-100405,2025-06-13,CUST-0137,Customer 137,PRD-0041,Laptops Item 16,Electronics,Laptops,North,Delhi,New Delhi,2,21191.73,0,42383.46,31749.97,10633.49,Debit Card,Corporate
ORD-100406,2024-09-17,CUST-0122,Customer 122,PRD-0013,Men Item 15,Clothing,Men,West,Maharashtra,Mumbai,1,34589.05,0,34589.05,20514.54,14074.51,Debit Card,Corporate
ORD-100407,2025-02-25,CUST-0032,Customer 32,PRD-0045,Tables Item 20,Furniture,Tables,Central,Madhya Pradesh,Bhopal,5,46605.86,0.05,221377.83,136994.81,84383.02,Credit Card,Small Business
ORD-100408,2025-04-02,CUST-0021,Customer 21,PRD-0049,Men Item 20,Clothing,Men,East,West Bengal,Kolkata,3,16389.5,0.15,41793.22,27061.06,14732.16,Debit Card,Corporate
ORD-100409,2024-03-14,CUST-0021,Customer 21,PRD-0021,Men Item 11,Clothing,Men,South,Karnataka,Bengaluru,3,21206.46,0.15,54076.47,35924.49,18151.98,Credit Card,Corporate
ORD-100410,2025-01-06,CUST-0192,Customer 192,PRD-0076,Tables Item 17,Furniture,Tables,East,West Bengal,Kolkata,5,32303.29,0.05,153440.63,111633.94,41806.69,Net Banking,Corporate
ORD-100411,2024-03-22,CUST-0054,Customer 54,PRD-0022,Phones Item 13,Electronics,Phones,North,Delhi,New Delhi,2,36443.07,0.05,69241.83,51106.53,18135.3,UPI,Consumer
ORD-100412,2024-03-26,CUST-0027,Customer 27,PRD-0034,Laptops Item 20,Electronics,Laptops,Central,Madhya Pradesh,Bhopal,1,1512.97,0.1,1361.67,891.62,470.05,Credit Card,Consumer
ORD-100413,2024-05-09,CUST-0034,Customer 34,PRD-0068,Women Item 6,Clothing,Women,East,West Bengal,Kolkata,2,12520.35,0.05,23788.67,15192.21,8596.46,UPI,Consumer
ORD-100414,2025-07-15,CUST-0114,Customer 114,PRD-0018,Women Item 18,Clothing,Women,East,West Bengal,Kolkata,4,23466.24,0.15,79785.22,58799.43,20985.79,Credit Card,Small Business
ORD-100415,2024-12-21,CUST-0124,Customer 124,PRD-0070,Women Item 8,Clothing,Women,Central,Madhya Pradesh,Bhopal,4,26268.3,0.15,89312.22,54653.03,34659.19,UPI,Corporate
ORD-100416,2024-05-19,CUST-0089,Customer 89,PRD-0037,Tables Item 16,Furniture,Tables,West,Maharashtra,Mumbai,3,7954.73,0,23864.19,13125.75,10738.44,Cash on Delivery,Consumer
ORD-100417,2025-09-03,CUST-0060,Customer 60,PRD-0001,Women Item 18,Clothing,Women,West,Maharashtra,Mumbai,3,654.8,0.1,1767.96,1254.53,513.43,Debit Card,Consumer
ORD-100418,2024-08-13,CUST-0068,Customer 68,PRD-0011,Tables Item 14,Furniture,Tables,West,Maharashtra,Mumbai,2,8330.82,0.1,14995.48,10732.05,4263.43,Credit Card,Small Business
ORD-100419,2024-03-11,CUST-0047,Customer 47,PRD-0018,Women Item 10,Clothing,Women,East,West Bengal,Kolkata,5,40478.67,0.1,182154.01,107033.72,75120.29,UPI,Small Business
ORD-100420,2024-02-20,CUST-0137,Customer 137,PRD-0003,Tables Item 6,Furniture,Tables,East,West Bengal,Kolkata,5,24701.4,0.05,117331.65,64987.55,52344.1,UPI,Corporate
ORD-100421,2024-08-10,CUST-0088,Customer 88,PRD-0054,Chairs Item 10,Furniture,Chairs,West,Maharashtra,Mumbai,1,11793.96,0,11793.96,6521.41,5272.55,Net Banking,Corporate
ORD-100422,2025-02-05,CUST-0019,Customer 19,PRD-0070,Chairs Item 16,Furniture,Chairs,East,West Bengal,Kolkata,1,42208.61,0,42208.61,23687.8,18520.81,Credit Card,Consumer
ORD-100423,2025-03-29,CUST-0064,Customer 64,PRD-0005,Tables Item 7,Furniture,Tables,North,Delhi,New Delhi,1,48735.01,0,48735.01,30554.88,18180.13,Net Banking,Small Business
ORD-100424,2024-06-11,CUST-0162,Customer 162,PRD-0006,Audio Item 18,Electronics,Audio,South,Karnataka,Bengaluru,4,19578.32,0.05,74397.62,54849.13,19548.49,Cash on Delivery,Consumer
ORD-100425,2024-08-11,CUST-0029,Customer 29,PRD-0031,Tables Item 14,Furniture,Tables,East,West Bengal,Kolkata,2,18149.25,0,36298.5,26234.07,10064.43,Debit Card,Consumer
ORD-100426,2024-02-13,CUST-0149,Customer 149,PRD-0061,Laptops Item 20,Electronics,Laptops,Central,Madhya Pradesh,Bhopal,1,19911.25,0,19911.25,10986.75,8924.5,Credit Card,Corporate
ORD-100427,2025-10-02,CUST-0016,Customer 16,PRD-0008,Phones Item 12,Electronics,Phones,South,Karnataka,Bengaluru,4,4751.8,0.15,16156.12,9979.38,6176.74,Credit Card,Small Business
ORD-100428,2024-12-21,CUST-0113,Customer 113,PRD-0025,Men Item 1,Clothing,Men,South,Karnataka,Bengaluru,4,11787.2,0.15,40076.48,28362.62,11713.86,Net Banking,Corporate
ORD-100429,2025-07-09,CUST-0179,Customer 179,PRD-0063,Men Item 7,Clothing,Men,East,West Bengal,Kolkata,1,24368.05,0.1,21931.24,14514.2,7417.04,Cash on Delivery,Consumer
ORD-100430,2025-07-21,CUST-0042,Customer 42,PRD-0009,Women Item 17,Clothing,Women,East,West Bengal,Kolkata,4,13911.16,0.15,47297.94,34664.41,12633.53,Credit Card,Corporate
ORD-100431,2024-07-08,CUST-0005,Customer 5,PRD-0080,Tables Item 12,Furniture,Tables,Central,Madhya Pradesh,Bhopal,3,22813.13,0.15,58173.48,36405.47,21768.01,Cash on Delivery,Consumer
ORD-100432,2024-06-06,CUST-0157,Customer 157,PRD-0037,Chairs Item 11,Furniture,Chairs,Central,Madhya Pradesh,Bhopal,4,9655.5,0.1,34759.8,24441.24,10318.56,Net Banking,Small Business
ORD-100433,2024-05-12,CUST-0046,Customer 46,PRD-0005,Chairs Item 7,Furniture,Chairs,North,Delhi,New Delhi,5,33012.77,0,165063.85,118357.16,46706.69,UPI,Corporate
ORD-100434,2025-06-22,CUST-0160,Customer 160,PRD-0076,Phones Item 9,Electronics,Phones,North,Delhi,New Delhi,5,32159.23,0.1,144716.54,98636.51,46080.03,UPI,Corporate
ORD-100435,2024-03-22,CUST-0120,Customer 120,PRD-0008,Audio Item 12,Electronics,Audio,North,Delhi,New Delhi,1,46524.51,0,46524.51,31690.16,14834.35,Cash on Delivery,Small Business
ORD-100436,2024-11-07,CUST-0020,Customer 20,PRD-0028,Tables Item 17,Furniture,Tables,North,Delhi,New Delhi,5,13437.62,0,67188.1,46820.7,20367.4,UPI,Consumer
ORD-100437,2025-08-06,CUST-0161,Customer 161,PRD-0023,Men Item 18,Clothing,Men,Central,Madhya Pradesh,Bhopal,4,9635.13,0.15,32759.44,22321.47,10437.97,Cash on Delivery,Corporate
ORD-100438,2024-06-19,CUST-0047,Customer 47,PRD-0071,Men Item 13,Clothing,Men,Central,Madhya Pradesh,Bhopal,3,33789.73,0.1,91232.27,66286.16,24946.11,Cash on Delivery,Corporate
ORD-100439,2025-07-17,CUST-0084,Customer 84,PRD-0048,Men Item 14,Clothing,Men,Central,Madhya Pradesh,Bhopal,5,22262.01,0.05,105744.55,77246.08,28498.47,Net Banking,Small Business
ORD-100440,2024-09-17,CUST-0093,Customer 93,PRD-0058,Chairs Item 15,Furniture,Chairs,Central,Madhya Pradesh,Bhopal,5,10853.62,0.15,46127.89,33914.58,12213.31,Net Banking,Consumer
ORD-100441,2024-11-05,CUST-0002,Customer 2,PRD-0039,Men Item 8,Clothing,Men,East,West Bengal,Kolkata,5,1011.86,0,5059.3,3787.81,1271.49,Credit Card,Corporate
ORD-100442,2024-06-07,CUST-0025,Customer 25,PRD-0005,Audio Item 15,Electronics,Audio,East,West Bengal,Kolkata,5,25661.32,0.15,109060.61,80179.67,28880.94,Debit Card,Consumer
ORD-100443,2024-04-04,CUST-0147,Customer 147,PRD-0052,Laptops Item 19,Electronics,Laptops,East,West Bengal,Kolkata,5,12642.87,0.05,60053.63,42771.09,17282.54,Credit Card,Small Business
ORD-100444,2024-04-07,CUST-0153,Customer 153,PRD-0039,Audio Item 2,Electronics,Audio,East,West Bengal,Kolkata,4,8810.54,0.15,29955.84,21385.57,8570.27,Cash on Delivery,Corporate
ORD-100445,2024-05-03,CUST-0198,Customer 198,PRD-0030,Phones Item 20,Electronics,Phones,East,West Bengal,Kolkata,3,44013.67,0.1,118836.91,75259.93,43576.98,UPI,Small Business
ORD-100446,2024-06-02,CUST-0084,Customer 84,PRD-0065,Women Item 8,Clothing,Women,North,Delhi,New Delhi,3,26314.29,0.05,74995.73,49346.14,25649.59,Credit Card,Consumer
ORD-100447,2024-10-23,CUST-0101,Customer 101,PRD-0019,Women Item 5,Clothing,Women,West,Maharashtra,Mumbai,5,28847.69,0,144238.45,85737.8,58500.65,Debit Card,Consumer
ORD-100448,2024-05-13,CUST-0196,Customer 196,PRD-0018,Chairs Item 16,Furniture,Chairs,Central,Madhya Pradesh,Bhopal,4,13275.39,0.1,47791.4,31081.84,16709.56,Cash on Delivery,Consumer
ORD-100449,2024-03-14,CUST-0069,Customer 69,PRD-0056,Tables Item 11,Furniture,Tables,Central,Madhya Pradesh,Bhopal,2,28146.15,0.15,47848.46,28673.15,19175.31,Cash on Delivery,Consumer
ORD-100450,2025-08-31,CUST-0168,Customer 168,PRD-0004,Audio Item 10,Electronics,Audio,West,Maharashtra,Mumbai,4,18390.33,0,73561.32,45177.51,28383.81,Credit Card,Corporate
ORD-100451,2025-01-17,CUST-0040,Customer 40,PRD-0011,Women Item 4,Clothing,Women,Central,Madhya Pradesh,Bhopal,2,22135.08,0,44270.16,26116.61,18153.55,UPI,Consumer
ORD-100452,2025-04-27,CUST-0006,Customer 6,PRD-0043,Men Item 7,Clothing,Men,East,West Bengal,Kolkata,1,17294.91,0,17294.91,10567.6,6727.31,Cash on Delivery,Consumer
ORD-100453,2024-05-24,CUST-0178,Customer 178,PRD-0003,Audio Item 13,Electronics,Audio,Central,Madhya Pradesh,Bhopal,3,27530.24,0.15,70202.11,48859.6,21342.51,Cash on Delivery,Small Business
ORD-100454,2025-09-24,CUST-0070,Customer 70,PRD-0007,Men Item 15,Clothing,Men,East,West Bengal,Kolkata,2,3193.48,0,6386.96,4520.93,1866.03,UPI,Consumer
ORD-100455,2025-01-24,CUST-0131,Customer 131,PRD-0013,Tables Item 11,Furniture,Tables,East,West Bengal,Kolkata,1,1150.1,0.1,1035.09,617.16,417.93,Net Banking,Small Business
ORD-100456,2024-01-23,CUST-0011,Customer 11,PRD-0032,Men Item 17,Clothing,Men,South,Karnataka,Bengaluru,2,25132.41,0.1,45238.34,29954.0,15284.34,Debit Card,Corporate
ORD-100457,2024-11-05,CUST-0061,Customer 61,PRD-0065,Tables Item 9,Furniture,Tables,South,Karnataka,Bengaluru,1,17469.64,0.05,16596.16,10307.47,6288.69,UPI,Small Business
ORD-100458,2025-02-06,CUST-0169,Customer 169,PRD-0018,Tables Item 3,Furniture,Tables,North,Delhi,New Delhi,5,47466.0,0,237330.0,137732.48,99597.52,Net Banking,Small Business
ORD-100459,2025-09-11,CUST-0085,Customer 85,PRD-0058,Men Item 18,Clothing,Men,West,Maharashtra,Mumbai,2,28730.35,0.1,51714.63,38481.24,13233.39,Credit Card,Consumer
ORD-100460,2024-11-12,CUST-0177,Customer 177,PRD-0068,Men Item 5,Clothing,Men,Central,Madhya Pradesh,Bhopal,5,34265.62,0,171328.1,123787.56,47540.54,Net Banking,Consumer
ORD-100461,2024-05-29,CUST-0187,Customer 187,PRD-0004,Men Item 11,Clothing,Men,East,West Bengal,Kolkata,1,27955.55,0,27955.55,16405.07,11550.48,Net Banking,Corporate
ORD-100462,2024-01-27,CUST-0196,Customer 196,PRD-0079,Tables Item 20,Furniture,Tables,East,West Bengal,Kolkata,2,38999.57,0,77999.14,44951.62,33047.52,Debit Card,Small Business
ORD-100463,2025-05-03,CUST-0035,Customer 35,PRD-0065,Men Item 20,Clothing,Men,Central,Madhya Pradesh,Bhopal,2,11699.44,0,23398.88,14550.65,8848.23,Net Banking,Small Business
ORD-100464,2024-08-19,CUST-0009,Customer 9,PRD-0053,Women Item 1,Clothing,Women,South,Karnataka,Bengaluru,4,24673.99,0,98695.96,57515.79,41180.17,Debit Card,Corporate
ORD-100465,2025-05-16,CUST-0177,Customer 177,PRD-0042,Audio Item 15,Electronics,Audio,South,Karnataka,Bengaluru,2,3493.59,0.1,6288.46,4549.23,1739.23,Credit Card,Corporate
ORD-100466,2025-08-08,CUST-0153,Customer 153,PRD-0069,Chairs Item 17,Furniture,Chairs,Central,Madhya Pradesh,Bhopal,4,36066.01,0.1,129837.64,87289.97,42547.67,UPI,Small Business
ORD-100467,2025-02-09,CUST-0189,Customer 189,PRD-0006,Laptops Item 18,Electronics,Laptops,West,Maharashtra,Mumbai,1,43913.44,0,43913.44,28708.0,15205.44,Net Banking,Small Business
ORD-100468,2024-10-19,CUST-0119,Customer 119,PRD-0022,Men Item 14,Clothing,Men,South,Karnataka,Bengaluru,3,22089.78,0.05,62955.87,44367.23,18588.64,Debit Card,Small Business
ORD-100469,2025-05-27,CUST-0029,Customer 29,PRD-0024,Audio Item 19,Electronics,Audio,Central,Madhya Pradesh,Bhopal,2,23286.23,0.1,41915.21,23811.53,18103.68,Cash on Delivery,Consumer
ORD-100470,2024-07-25,CUST-0117,Customer 117,PRD-0012,Tables Item 9,Furniture,Tables,East,West Bengal,Kolkata,4,1440.62,0.1,5186.23,3464.73,1721.5,Debit Card,Small Business
ORD-100471,2024-03-28,CUST-0135,Customer 135,PRD-0050,Men Item 17,Clothing,Men,North,Delhi,New Delhi,1,5885.41,0.1,5296.87,3585.0,1711.87,Cash on Delivery,Consumer
ORD-100472,2024-06-02,CUST-0042,Customer 42,PRD-0019,Tables Item 6,Furniture,Tables,North,Delhi,New Delhi,2,45630.19,0.15,77571.32,56181.89,21389.43,UPI,Corporate
ORD-100473,2024-07-26,CUST-0001,Customer 1,PRD-0080,Tables Item 9,Furniture,Tables,West,Maharashtra,Mumbai,3,31397.35,0,94192.05,68732.73,25459.32,UPI,Corporate
ORD-100474,2025-08-25,CUST-0169,Customer 169,PRD-0061,Tables Item 15,Furniture,Tables,Central,Madhya Pradesh,Bhopal,1,30477.6,0.1,27429.84,16391.41,11038.43,Net Banking,Corporate
ORD-100475,2025-07-24,CUST-0054,Customer 54,PRD-0007,Audio Item 6,Electronics,Audio,Central,Madhya Pradesh,Bhopal,1,12386.72,0.15,10528.71,6376.42,4152.29,Credit Card,Consumer
ORD-100476,2024-11-01,CUST-0085,Customer 85,PRD-0012,Women Item 2,Clothing,Women,North,Delhi,New Delhi,2,42720.7,0.15,72625.19,52116.05,20509.14,UPI,Corporate
ORD-100477,2025-07-29,CUST-0046,Customer 46,PRD-0059,Phones Item 19,Electronics,Phones,East,West Bengal,Kolkata,5,33114.05,0.15,140734.71,93512.1,47222.61,Debit Card,Consumer
ORD-100478,2025-07-17,CUST-0017,Customer 17,PRD-0038,Laptops Item 16,Electronics,Laptops,East,West Bengal,Kolkata,3,44896.98,0,134690.94,94511.07,40179.87,Credit Card,Consumer
ORD-100479,2025-09-18,CUST-0015,Customer 15,PRD-0014,Women Item 19,Clothing,Women,East,West Bengal,Kolkata,5,20805.14,0,104025.7,71690.97,32334.73,Cash on Delivery,Consumer
ORD-100480,2025-09-30,CUST-0091,Customer 91,PRD-0017,Tables Item 20,Furniture,Tables,West,Maharashtra,Mumbai,5,42420.34,0.05,201496.61,131996.05,69500.56,Cash on Delivery,Corporate
ORD-100481,2024-07-17,CUST-0001,Customer 1,PRD-0016,Women Item 1,Clothing,Women,West,Maharashtra,Mumbai,2,44206.45,0,88412.9,61156.74,27256.16,Net Banking,Small Business
ORD-100482,2024-12-24,CUST-0144,Customer 144,PRD-0028,Audio Item 1,Electronics,Audio,South,Karnataka,Bengaluru,5,49949.55,0.1,224772.98,125670.22,99102.76,Credit Card,Small Business
ORD-100483,2024-01-07,CUST-0030,Customer 30,PRD-0043,Tables Item 11,Furniture,Tables,North,Delhi,New Delhi,3,15154.14,0.15,38643.06,23757.16,14885.9,Net Banking,Small Business
ORD-100484,2025-05-05,CUST-0122,Customer 122,PRD-0005,Men Item 5,Clothing,Men,South,Karnataka,Bengaluru,2,16659.64,0.05,31653.32,23247.97,8405.35,Net Banking,Consumer
ORD-100485,2024-02-27,CUST-0134,Customer 134,PRD-0039,Women Item 19,Clothing,Women,Central,Madhya Pradesh,Bhopal,3,23231.01,0.1,62723.73,46136.94,16586.79,Debit Card,Small Business
ORD-100486,2024-06-01,CUST-0072,Customer 72,PRD-0004,Men Item 11,Clothing,Men,South,Karnataka,Bengaluru,5,34337.57,0.05,163103.46,91866.82,71236.64,Net Banking,Small Business
ORD-100487,2024-11-11,CUST-0181,Customer 181,PRD-0041,Men Item 2,Clothing,Men,Central,Madhya Pradesh,Bhopal,5,19600.4,0.15,83301.7,47762.61,35539.09,Debit Card,Corporate
ORD-100488,2024-11-05,CUST-0045,Customer 45,PRD-0015,Laptops Item 12,Electronics,Laptops,South,Karnataka,Bengaluru,3,22704.94,0.05,64709.08,38387.24,26321.84,UPI,Consumer
ORD-100489,2024-12-14,CUST-0124,Customer 124,PRD-0068,Laptops Item 10,Electronics,Laptops,Central,Madhya Pradesh,Bhopal,1,39991.46,0.15,33992.74,19743.51,14249.23,Debit Card,Consumer
ORD-100490,2025-06-18,CUST-0030,Customer 30,PRD-0001,Audio Item 10,Electronics,Audio,South,Karnataka,Bengaluru,2,36283.62,0.1,65310.52,40983.5,24327.02,UPI,Small Business
ORD-100491,2024-11-15,CUST-0006,Customer 6,PRD-0074,Men Item 10,Clothing,Men,East,West Bengal,Kolkata,4,44481.46,0,177925.84,116384.06,61541.78,Credit Card,Corporate
ORD-100492,2024-10-06,CUST-0039,Customer 39,PRD-0021,Phones Item 9,Electronics,Phones,East,West Bengal,Kolkata,3,26707.34,0.1,72109.82,49339.33,22770.49,UPI,Consumer
ORD-100493,2024-10-17,CUST-0147,Customer 147,PRD-0032,Men Item 6,Clothing,Men,South,Karnataka,Bengaluru,5,17645.84,0.05,83817.74,50643.55,33174.19,UPI,Corporate
ORD-100494,2024-02-21,CUST-0028,Customer 28,PRD-0050,Women Item 2,Clothing,Women,Central,Madhya Pradesh,Bhopal,4,2726.16,0,10904.64,7024.19,3880.45,UPI,Corporate
ORD-100495,2024-11-15,CUST-0086,Customer 86,PRD-0026,Chairs Item 18,Furniture,Chairs,Central,Madhya Pradesh,Bhopal,5,31547.64,0.1,141964.38,95579.37,46385.01,UPI,Corporate
ORD-100496,2025-04-21,CUST-0121,Customer 121,PRD-0030,Men Item 8,Clothing,Men,North,Delhi,New Delhi,4,5043.7,0.05,19166.06,13165.08,6000.98,Credit Card,Small Business
ORD-100497,2024-11-28,CUST-0117,Customer 117,PRD-0063,Tables Item 1,Furniture,Tables,West,Maharashtra,Mumbai,2,35040.81,0.05,66577.54,47120.64,19456.9,UPI,Corporate
ORD-100498,2025-09-10,CUST-0148,Customer 148,PRD-0017,Laptops Item 17,Electronics,Laptops,West,Maharashtra,Mumbai,4,42319.16,0.05,160812.81,113146.01,47666.8,UPI,Corporate
ORD-100499,2025-02-14,CUST-0152,Customer 152,PRD-0053,Men Item 8,Clothing,Men,East,West Bengal,Kolkata,5,32542.68,0.05,154577.73,101487.87,53089.86,Cash on Delivery,Consumer
ORD-100500,2025-08-28,CUST-0111,Customer 111,PRD-0056,Men Item 19,Clothing,Men,West,Maharashtra,Mumbai,4,3489.78,0,13959.12,9949.83,4009.29,Debit Card,Small Business
ORD-100501,2024-04-27,CUST-0152,Customer 152,PRD-0077,Men Item 15,Clothing,Men,South,Karnataka,Bengaluru,1,37020.48,0.15,31467.41,22573.14,8894.27,Debit Card,Small Business
ORD-100502,2025-09-02,CUST-0198,Customer 198,PRD-0049,Laptops Item 11,Electronics,Laptops,South,Karnataka,Bengaluru,3,47803.0,0,143409.0,96034.1,47374.9,Net Banking,Small Business
ORD-100503,2024-01-01,CUST-0194,Customer 194,PRD-0019,Men Item 5,Clothing,Men,North,Delhi,New Delhi,2,40888.27,0.15,69510.06,50787.61,18722.45,Net Banking,Small Business
ORD-100504,2024-11-20,CUST-0077,Customer 77,PRD-0073,Tables Item 10,Furniture,Tables,Central,Madhya Pradesh,Bhopal,5,22468.56,0,112342.8,77101.24,35241.56,Net Banking,Small Business
ORD-100505,2024-05-10,CUST-0076,Customer 76,PRD-0008,Chairs Item 12,Furniture,Chairs,Central,Madhya Pradesh,Bhopal,1,30652.24,0.15,26054.4,16436.14,9618.26,Cash on Delivery,Consumer
ORD-100506,2024-08-28,CUST-0111,Customer 111,PRD-0076,Audio Item 13,Electronics,Audio,Central,Madhya Pradesh,Bhopal,3,5662.98,0.05,16139.49,11671.05,4468.44,Debit Card,Small Business
ORD-100507,2024-07-11,CUST-0143,Customer 143,PRD-0050,Tables Item 12,Furniture,Tables,West,Maharashtra,Mumbai,4,27346.92,0,109387.68,70552.24,38835.44,Net Banking,Consumer
ORD-100508,2025-05-13,CUST-0169,Customer 169,PRD-0056,Chairs Item 5,Furniture,Chairs,South,Karnataka,Bengaluru,1,3772.95,0,3772.95,2183.78,1589.17,UPI,Consumer
ORD-100509,2025-06-05,CUST-0109,Customer 109,PRD-0071,Women Item 15,Clothing,Women,West,Maharashtra,Mumbai,5,46529.49,0.15,197750.33,115873.68,81876.65,Net Banking,Corporate
ORD-100510,2024-08-30,CUST-0183,Customer 183,PRD-0065,Phones Item 9,Electronics,Phones,West,Maharashtra,Mumbai,5,570.01,0.1,2565.05,1845.2,719.85,Net Banking,Small Business
ORD-100511,2025-05-08,CUST-0177,Customer 177,PRD-0011,Women Item 5,Clothing,Women,North,Delhi,New Delhi,1,28493.85,0.05,27069.16,15500.69,11568.47,Cash on Delivery,Corporate
ORD-100512,2024-03-20,CUST-0176,Customer 176,PRD-0070,Chairs Item 19,Furniture,Chairs,Central,Madhya Pradesh,Bhopal,5,4604.63,0.1,20720.84,14010.03,6710.81,Debit Card,Small Business
ORD-100513,2025-08-10,CUST-0188,Customer 188,PRD-0043,Laptops Item 14,Electronics,Laptops,Central,Madhya Pradesh,Bhopal,1,23549.67,0.15,20017.22,14636.81,5380.41,Debit Card,Corporate
ORD-100514,2025-04-29,CUST-0149,Customer 149,PRD-0022,Chairs Item 19,Furniture,Chairs,North,Delhi,New Delhi,5,37521.38,0.15,159465.86,96012.58,63453.28,UPI,Small Business
ORD-100515,2024-10-11,CUST-0065,Customer 65,PRD-0017,Chairs Item 20,Furniture,Chairs,East,West Bengal,Kolkata,4,4309.01,0.15,14650.63,8283.06,6367.57,Debit Card,Corporate
ORD-100516,2025-04-02,CUST-0095,Customer 95,PRD-0023,Chairs Item 9,Furniture,Chairs,North,Delhi,New Delhi,5,8895.77,0.15,37807.02,26381.49,11425.53,Credit Card,Corporate
ORD-100517,2024-06-06,CUST-0127,Customer 127,PRD-0053,Audio Item 13,Electronics,Audio,North,Delhi,New Delhi,3,49206.77,0,147620.31,98774.05,48846.26,Credit Card,Small Business
ORD-100518,2024-09-27,CUST-0194,Customer 194,PRD-0015,Chairs Item 2,Furniture,Chairs,South,Karnataka,Bengaluru,5,36771.18,0.05,174663.1,97962.45,76700.65,Credit Card,Corporate
ORD-100519,2025-02-03,CUST-0122,Customer 122,PRD-0034,Tables Item 5,Furniture,Tables,East,West Bengal,Kolkata,4,37358.3,0.15,127018.22,75795.87,51222.35,Cash on Delivery,Corporate
ORD-100520,2024-02-12,CUST-0025,Customer 25,PRD-0069,Laptops Item 12,Electronics,Laptops,West,Maharashtra,Mumbai,4,33988.97,0.15,115562.5,79342.35,36220.15,Net Banking,Small Business
ORD-100521,2025-08-21,CUST-0101,Customer 101,PRD-0060,Women Item 8,Clothing,Women,East,West Bengal,Kolkata,3,13500.97,0,40502.91,24345.03,16157.88,Cash on Delivery,Consumer
ORD-100522,2024-01-13,CUST-0106,Customer 106,PRD-0013,Women Item 17,Clothing,Women,South,Karnataka,Bengaluru,3,27471.11,0,82413.33,59035.79,23377.54,UPI,Small Business
ORD-100523,2024-04-04,CUST-0015,Customer 15,PRD-0077,Tables Item 7,Furniture,Tables,South,Karnataka,Bengaluru,3,12744.43,0,38233.29,21209.54,17023.75,Cash on Delivery,Small Business
ORD-100524,2025-08-02,CUST-0048,Customer 48,PRD-0015,Audio Item 6,Electronics,Audio,North,Delhi,New Delhi,1,42850.75,0,42850.75,26789.93,16060.82,Debit Card,Corporate
ORD-100525,2024-03-16,CUST-0071,Customer 71,PRD-0008,Chairs Item 13,Furniture,Chairs,West,Maharashtra,Mumbai,3,38514.08,0.05,109765.13,66020.14,43744.99,Net Banking,Corporate
ORD-100526,2024-07-24,CUST-0157,Customer 157,PRD-0051,Laptops Item 6,Electronics,Laptops,East,West Bengal,Kolkata,2,22140.63,0.1,39853.13,29725.83,10127.3,Net Banking,Consumer
ORD-100527,2024-09-22,CUST-0027,Customer 27,PRD-0005,Audio Item 3,Electronics,Audio,West,Maharashtra,Mumbai,2,30775.52,0,61551.04,45087.48,16463.56,UPI,Small Business
ORD-100528,2024-01-01,CUST-0010,Customer 10,PRD-0050,Women Item 9,Clothing,Women,West,Maharashtra,Mumbai,1,44846.32,0,44846.32,30521.2,14325.12,Credit Card,Small Business
ORD-100529,2025-02-17,CUST-0187,Customer 187,PRD-0009,Tables Item 18,Furniture,Tables,Central,Madhya Pradesh,Bhopal,1,25866.07,0.1,23279.46,15029.87,8249.59,Credit Card,Consumer
ORD-100530,2024-11-06,CUST-0103,Customer 103,PRD-0008,Tables Item 3,Furniture,Tables,North,Delhi,New Delhi,5,26858.14,0.05,127576.17,78674.69,48901.48,Debit Card,Small Business
ORD-100531,2025-01-28,CUST-0170,Customer 170,PRD-0025,Chairs Item 10,Furniture,Chairs,West,Maharashtra,Mumbai,3,32460.07,0,97380.21,64358.1,33022.11,Net Banking,Consumer
ORD-100532,2024-05-23,CUST-0010,Customer 10,PRD-0025,Women Item 1,Clothing,Women,West,Maharashtra,Mumbai,1,44283.66,0.1,39855.29,27781.72,12073.57,Cash on Delivery,Consumer
ORD-100533,2025-04-05,CUST-0005,Customer 5,PRD-0005,Tables Item 11,Furniture,Tables,North,Delhi,New Delhi,5,32241.7,0.1,145087.65,95291.83,49795.82,UPI,Corporate
ORD-100534,2025-07-03,CUST-0039,Customer 39,PRD-0075,Men Item 8,Clothing,Men,West,Maharashtra,Mumbai,1,10741.57,0.15,9130.33,5858.7,3271.63,UPI,Consumer
ORD-100535,2024-05-13,CUST-0004,Customer 4,PRD-0023,Men Item 2,Clothing,Men,West,Maharashtra,Mumbai,1,23666.74,0.15,20116.73,11248.48,8868.25,Debit Card,Consumer
ORD-100536,2025-09-01,CUST-0158,Customer 158,PRD-0029,Chairs Item 3,Furniture,Chairs,Central,Madhya Pradesh,Bhopal,1,40926.45,0,40926.45,23444.14,17482.31,Credit Card,Corporate
ORD-100537,2024-11-25,CUST-0055,Customer 55,PRD-0006,Tables Item 19,Furniture,Tables,East,West Bengal,Kolkata,1,48797.49,0.15,41477.87,27341.26,14136.61,Credit Card,Corporate
ORD-100538,2025-07-20,CUST-0043,Customer 43,PRD-0057,Phones Item 8,Electronics,Phones,East,West Bengal,Kolkata,2,37925.99,0,75851.98,52281.67,23570.31,Cash on Delivery,Consumer
ORD-100539,2024-03-23,CUST-0002,Customer 2,PRD-0001,Phones Item 6,Electronics,Phones,Central,Madhya Pradesh,Bhopal,4,38927.55,0,155710.2,113033.99,42676.21,UPI,Small Business
ORD-100540,2024-10-04,CUST-0134,Customer 134,PRD-0058,Women Item 14,Clothing,Women,West,Maharashtra,Mumbai,4,34679.44,0,138717.76,80264.53,58453.23,Credit Card,Consumer
ORD-100541,2024-11-04,CUST-0090,Customer 90,PRD-0054,Men Item 1,Clothing,Men,Central,Madhya Pradesh,Bhopal,2,35916.5,0.15,61058.05,45186.6,15871.45,Cash on Delivery,Consumer
ORD-100542,2025-04-20,CUST-0198,Customer 198,PRD-0027,Phones Item 9,Electronics,Phones,Central,Madhya Pradesh,Bhopal,1,31022.26,0.15,26368.92,17179.57,9189.35,UPI,Consumer
ORD-100543,2025-01-07,CUST-0073,Customer 73,PRD-0027,Phones Item 14,Electronics,Phones,West,Maharashtra,Mumbai,4,8980.93,0,35923.72,20146.22,15777.5,Debit Card,Corporate
ORD-100544,2024-01-30,CUST-0125,Customer 125,PRD-0066,Women Item 4,Clothing,Women,North,Delhi,New Delhi,1,37072.76,0.15,31511.85,18440.03,13071.82,UPI,Consumer
ORD-100545,2024-11-29,CUST-0059,Customer 59,PRD-0015,Women Item 11,Clothing,Women,Central,Madhya Pradesh,Bhopal,5,16433.42,0,82167.1,57469.1,24698.0,Credit Card,Consumer
ORD-100546,2025-08-22,CUST-0125,Customer 125,PRD-0007,Audio Item 14,Electronics,Audio,West,Maharashtra,Mumbai,2,18901.51,0,37803.02,21347.59,16455.43,Credit Card,Consumer
ORD-100547,2025-01-02,CUST-0070,Customer 70,PRD-0026,Women Item 11,Clothing,Women,South,Karnataka,Bengaluru,4,18799.56,0.1,67678.42,46966.4,20712.02,Credit Card,Consumer
ORD-100548,2024-06-24,CUST-0195,Customer 195,PRD-0044,Men Item 8,Clothing,Men,East,West Bengal,Kolkata,2,5733.24,0.1,10319.83,6622.4,3697.43,Debit Card,Small Business
ORD-100549,2024-03-29,CUST-0106,Customer 106,PRD-0067,Audio Item 16,Electronics,Audio,Central,Madhya Pradesh,Bhopal,2,28990.45,0.15,49283.76,35533.63,13750.13,Credit Card,Small Business
ORD-100550,2025-03-20,CUST-0149,Customer 149,PRD-0029,Tables Item 19,Furniture,Tables,East,West Bengal,Kolkata,1,36554.88,0,36554.88,21917.07,14637.81,Credit Card,Small Business
ORD-100551,2025-06-27,CUST-0101,Customer 101,PRD-0062,Laptops Item 4,Electronics,Laptops,North,Delhi,New Delhi,1,49565.42,0.15,42130.61,23455.13,18675.48,Net Banking,Corporate
ORD-100552,2024-05-15,CUST-0092,Customer 92,PRD-0038,Phones Item 8,Electronics,Phones,Central,Madhya Pradesh,Bhopal,1,34719.36,0.1,31247.42,23122.68,8124.74,UPI,Consumer
ORD-100553,2025-04-10,CUST-0119,Customer 119,PRD-0018,Tables Item 13,Furniture,Tables,South,Karnataka,Bengaluru,4,42924.52,0.15,145943.37,80981.45,64961.92,Credit Card,Corporate
ORD-100554,2024-10-30,CUST-0110,Customer 110,PRD-0035,Women Item 20,Clothing,Women,North,Delhi,New Delhi,1,19366.99,0.05,18398.64,12072.89,6325.75,Cash on Delivery,Small Business
ORD-100555,2025-01-07,CUST-0014,Customer 14,PRD-0015,Audio Item 13,Electronics,Audio,North,Delhi,New Delhi,5,44066.19,0,220330.95,143864.5,76466.45,Debit Card,Corporate
ORD-100556,2025-07-28,CUST-0182,Customer 182,PRD-0027,Men Item 5,Clothing,Men,East,West Bengal,Kolkata,3,8928.32,0.15,22767.22,15731.57,7035.65,Debit Card,Consumer
ORD-100557,2024-08-18,CUST-0083,Customer 83,PRD-0046,Men Item 9,Clothing,Men,West,Maharashtra,Mumbai,5,43582.34,0,217911.7,152676.5,65235.2,Cash on Delivery,Small Business
ORD-100558,2025-06-23,CUST-0032,Customer 32,PRD-0061,Tables Item 18,Furniture,Tables,North,Delhi,New Delhi,1,18766.13,0.1,16889.52,10931.66,5957.86,Cash on Delivery,Corporate
ORD-100559,2025-02-04,CUST-0046,Customer 46,PRD-0037,Tables Item 3,Furniture,Tables,North,Delhi,New Delhi,2,44616.78,0.1,80310.2,45572.97,34737.23,UPI,Consumer
ORD-100560,2024-01-24,CUST-0076,Customer 76,PRD-0054,Chairs Item 18,Furniture,Chairs,South,Karnataka,Bengaluru,4,7694.8,0,30779.2,20133.83,10645.37,Credit Card,Corporate
ORD-100561,2024-08-25,CUST-0134,Customer 134,PRD-0043,Tables Item 14,Furniture,Tables,West,Maharashtra,Mumbai,1,14717.54,0,14717.54,8159.51,6558.03,Cash on Delivery,Corporate
ORD-100562,2025-03-31,CUST-0118,Customer 118,PRD-0039,Women Item 19,Clothing,Women,West,Maharashtra,Mumbai,5,33359.6,0.15,141778.3,101850.92,39927.38,Credit Card,Corporate
ORD-100563,2024-02-18,CUST-0038,Customer 38,PRD-0046,Laptops Item 10,Electronics,Laptops,South,Karnataka,Bengaluru,4,18720.74,0.05,71138.81,50078.16,21060.65,Net Banking,Consumer
ORD-100564,2024-06-06,CUST-0042,Customer 42,PRD-0031,Men Item 4,Clothing,Men,Central,Madhya Pradesh,Bhopal,3,9277.57,0,27832.71,19980.17,7852.54,UPI,Corporate
ORD-100565,2024-02-05,CUST-0171,Customer 171,PRD-0041,Men Item 12,Clothing,Men,West,Maharashtra,Mumbai,3,18609.67,0,55829.01,36986.58,18842.43,Credit Card,Corporate
ORD-100566,2025-05-26,CUST-0197,Customer 197,PRD-0019,Chairs Item 15,Furniture,Chairs,Central,Madhya Pradesh,Bhopal,3,6250.2,0,18750.6,11829.99,6920.61,Debit Card,Consumer
ORD-100567,2024-10-23,CUST-0194,Customer 194,PRD-0074,Audio Item 5,Electronics,Audio,Central,Madhya Pradesh,Bhopal,5,16697.78,0.05,79314.45,51140.54,28173.91,Cash on Delivery,Small Business
ORD-100568,2024-04-29,CUST-0079,Customer 79,PRD-0004,Tables Item 13,Furniture,Tables,North,Delhi,New Delhi,4,45028.69,0,180114.76,123486.98,56627.78,Cash on Delivery,Consumer
ORD-100569,2024-08-15,CUST-0197,Customer 197,PRD-0036,Tables Item 7,Furniture,Tables,North,Delhi,New Delhi,3,2940.68,0,8822.04,5881.53,2940.51,UPI,Consumer
ORD-100570,2025-09-11,CUST-0131,Customer 131,PRD-0008,Women Item 12,Clothing,Women,North,Delhi,New Delhi,5,19842.3,0.1,89290.35,54784.23,34506.12,Net Banking,Consumer
ORD-100571,2024-11-11,CUST-0115,Customer 115,PRD-0072,Women Item 3,Clothing,Women,East,West Bengal,Kolkata,4,18766.99,0.05,71314.56,44142.57,27171.99,Credit Card,Small Business
ORD-100572,2025-02-28,CUST-0036,Customer 36,PRD-0076,Tables Item 20,Furniture,Tables,West,Maharashtra,Mumbai,3,8356.76,0.1,22563.25,15697.73,6865.52,UPI,Consumer
ORD-100573,2025-08-27,CUST-0194,Customer 194,PRD-0049,Laptops Item 3,Electronics,Laptops,West,Maharashtra,Mumbai,5,49334.59,0,246672.95,181706.84,64966.11,UPI,Corporate
ORD-100574,2024-05-20,CUST-0052,Customer 52,PRD-0024,Women Item 13,Clothing,Women,West,Maharashtra,Mumbai,2,27879.53,0.15,47395.2,33226.35,14168.85,Debit Card,Small Business
ORD-100575,2024-08-17,CUST-0007,Customer 7,PRD-0001,Chairs Item 5,Furniture,Chairs,East,West Bengal,Kolkata,5,15334.94,0.15,65173.49,45489.22,19684.27,Debit Card,Corporate
ORD-100576,2024-09-07,CUST-0008,Customer 8,PRD-0016,Women Item 9,Clothing,Women,North,Delhi,New Delhi,3,20974.41,0.1,56630.91,41417.51,15213.4,Net Banking,Consumer
ORD-100577,2025-05-02,CUST-0178,Customer 178,PRD-0016,Women Item 12,Clothing,Women,Central,Madhya Pradesh,Bhopal,4,28365.61,0.05,107789.32,72822.38,34966.94,Cash on Delivery,Small Business
ORD-100578,2024-05-18,CUST-0092,Customer 92,PRD-0021,Men Item 2,Clothing,Men,East,West Bengal,Kolkata,2,29166.39,0,58332.78,35812.61,22520.17,Debit Card,Corporate
ORD-100579,2024-07-06,CUST-0196,Customer 196,PRD-0013,Tables Item 20,Furniture,Tables,North,Delhi,New Delhi,3,14724.87,0,44174.61,28836.01,15338.6,Credit Card,Small Business
ORD-100580,2025-08-16,CUST-0091,Customer 91,PRD-0019,Tables Item 1,Furniture,Tables,East,West Bengal,Kolkata,3,34335.1,0.05,97855.03,55695.82,42159.21,Credit Card,Small Business
ORD-100581,2024-06-07,CUST-0129,Customer 129,PRD-0029,Tables Item 7,Furniture,Tables,West,Maharashtra,Mumbai,4,17147.59,0,68590.36,39129.67,29460.69,Cash on Delivery,Small Business
ORD-100582,2024-01-18,CUST-0123,Customer 123,PRD-0045,Men Item 10,Clothing,Men,West,Maharashtra,Mumbai,4,45818.35,0,183273.4,130814.86,52458.54,Debit Card,Consumer
ORD-100583,2024-05-25,CUST-0177,Customer 177,PRD-0030,Tables Item 10,Furniture,Tables,South,Karnataka,Bengaluru,3,1632.22,0,4896.66,2910.93,1985.73,Credit Card,Consumer
ORD-100584,2024-02-13,CUST-0051,Customer 51,PRD-0014,Phones Item 2,Electronics,Phones,West,Maharashtra,Mumbai,1,4071.22,0.1,3664.1,2570.24,1093.86,Cash on Delivery,Small Business
ORD-100585,2024-04-08,CUST-0032,Customer 32,PRD-0078,Laptops Item 7,Electronics,Laptops,North,Delhi,New Delhi,3,2355.42,0.05,6712.95,4588.42,2124.53,Cash on Delivery,Consumer
ORD-100586,2024-12-22,CUST-0091,Customer 91,PRD-0021,Audio Item 17,Electronics,Audio,East,West Bengal,Kolkata,1,4720.81,0.05,4484.77,3317.65,1167.12,Cash on Delivery,Consumer
ORD-100587,2024-07-15,CUST-0073,Customer 73,PRD-0022,Men Item 18,Clothing,Men,North,Delhi,New Delhi,5,38209.55,0.15,162390.59,96362.51,66028.08,UPI,Small Business
ORD-100588,2024-04-19,CUST-0047,Customer 47,PRD-0046,Phones Item 13,Electronics,Phones,Central,Madhya Pradesh,Bhopal,4,18449.86,0.15,62729.52,36823.81,25905.71,Net Banking,Consumer
ORD-100589,2024-04-22,CUST-0134,Customer 134,PRD-0018,Men Item 16,Clothing,Men,West,Maharashtra,Mumbai,1,38118.19,0.05,36212.28,20812.03,15400.25,Debit Card,Small Business
ORD-100590,2025-09-06,CUST-0189,Customer 189,PRD-0040,Chairs Item 15,Furniture,Chairs,North,Delhi,New Delhi,3,24786.9,0.1,66924.63,40604.66,26319.97,Credit Card,Small Business
ORD-100591,2025-01-11,CUST-0046,Customer 46,PRD-0002,Tables Item 16,Furniture,Tables,West,Maharashtra,Mumbai,2,42867.33,0.1,77161.19,56930.79,20230.4,UPI,Corporate
ORD-100592,2024-06-21,CUST-0017,Customer 17,PRD-0047,Chairs Item 7,Furniture,Chairs,North,Delhi,New Delhi,2,19861.61,0.15,33764.74,25172.09,8592.65,Debit Card,Consumer
ORD-100593,2025-08-18,CUST-0152,Customer 152,PRD-0035,Women Item 13,Clothing,Women,North,Delhi,New Delhi,2,41937.83,0.1,75488.09,45723.41,29764.68,Debit Card,Corporate
ORD-100594,2024-09-13,CUST-0126,Customer 126,PRD-0064,Women Item 8,Clothing,Women,West,Maharashtra,Mumbai,5,14088.75,0.1,63399.38,36239.55,27159.83,Credit Card,Consumer
ORD-100595,2025-01-26,CUST-0155,Customer 155,PRD-0042,Audio Item 5,Electronics,Audio,North,Delhi,New Delhi,1,25007.12,0,25007.12,18615.66,6391.46,Debit Card,Small Business
ORD-100596,2025-05-24,CUST-0126,Customer 126,PRD-0065,Men Item 9,Clothing,Men,North,Delhi,New Delhi,5,38425.09,0.1,172912.9,102085.42,70827.48,Cash on Delivery,Corporate
ORD-100597,2024-11-18,CUST-0097,Customer 97,PRD-0057,Men Item 15,Clothing,Men,North,Delhi,New Delhi,4,44030.26,0,176121.04,110379.63,65741.41,UPI,Consumer
ORD-100598,2025-02-02,CUST-0125,Customer 125,PRD-0015,Audio Item 19,Electronics,Audio,East,West Bengal,Kolkata,2,24675.68,0,49351.36,30227.31,19124.05,Net Banking,Small Business
ORD-100599,2024-09-26,CUST-0127,Customer 127,PRD-0076,Women Item 13,Clothing,Women,West,Maharashtra,Mumbai,5,42746.7,0.15,181673.48,101945.61,79727.87,Cash on Delivery,Small Business
ORD-100600,2025-01-10,CUST-0090,Customer 90,PRD-0075,Tables Item 1,Furniture,Tables,East,West Bengal,Kolkata,1,1601.72,0,1601.72,922.01,679.71,Debit Card,Corporate
ORD-100601,2024-09-10,CUST-0061,Customer 61,PRD-0040,Laptops Item 19,Electronics,Laptops,East,West Bengal,Kolkata,3,20714.09,0,62142.27,42396.44,19745.83,UPI,Small Business
ORD-100602,2025-04-16,CUST-0169,Customer 169,PRD-0055,Laptops Item 19,Electronics,Laptops,North,Delhi,New Delhi,3,8655.01,0.15,22070.28,13578.15,8492.13,Cash on Delivery,Corporate
ORD-100603,2025-02-03,CUST-0083,Customer 83,PRD-0074,Chairs Item 4,Furniture,Chairs,West,Maharashtra,Mumbai,5,1307.38,0.05,6210.06,3884.69,2325.37,Net Banking,Consumer
ORD-100604,2024-11-02,CUST-0094,Customer 94,PRD-0056,Men Item 7,Clothing,Men,East,West Bengal,Kolkata,4,25237.87,0.05,95903.91,55943.19,39960.72,Net Banking,Small Business
ORD-100605,2025-02-15,CUST-0058,Customer 58,PRD-0080,Audio Item 3,Electronics,Audio,South,Karnataka,Bengaluru,3,13404.72,0.05,38203.45,28623.76,9579.69,Cash on Delivery,Consumer
ORD-100606,2024-08-02,CUST-0089,Customer 89,PRD-0010,Women Item 10,Clothing,Women,East,West Bengal,Kolkata,1,28408.13,0.15,24146.91,15576.05,8570.86,Cash on Delivery,Corporate
ORD-100607,2025-07-14,CUST-0047,Customer 47,PRD-0003,Tables Item 17,Furniture,Tables,South,Karnataka,Bengaluru,4,20234.59,0.15,68797.61,44929.92,23867.69,Credit Card,Small Business
ORD-100608,2025-03-20,CUST-0145,Customer 145,PRD-0008,Chairs Item 17,Furniture,Chairs,West,Maharashtra,Mumbai,3,46870.71,0.15,119520.31,85072.97,34447.34,Credit Card,Corporate
ORD-100609,2025-02-24,CUST-0082,Customer 82,PRD-0009,Chairs Item 7,Furniture,Chairs,South,Karnataka,Bengaluru,2,37372.39,0.05,71007.54,51041.95,19965.59,Net Banking,Corporate
ORD-100610,2024-07-15,CUST-0008,Customer 8,PRD-0032,Chairs Item 10,Furniture,Chairs,East,West Bengal,Kolkata,5,11959.27,0,59796.35,34246.07,25550.28,Net Banking,Corporate
ORD-100611,2024-09-21,CUST-0072,Customer 72,PRD-0071,Women Item 6,Clothing,Women,West,Maharashtra,Mumbai,1,10259.13,0.05,9746.17,5626.33,4119.84,UPI,Small Business
ORD-100612,2025-02-20,CUST-0094,Customer 94,PRD-0012,Chairs Item 13,Furniture,Chairs,North,Delhi,New Delhi,1,15832.46,0.05,15040.84,10881.06,4159.78,Credit Card,Consumer
ORD-100613,2025-06-21,CUST-0065,Customer 65,PRD-0064,Audio Item 3,Electronics,Audio,Central,Madhya Pradesh,Bhopal,1,26193.49,0.15,22264.47,16474.26,5790.21,Credit Card,Small Business
ORD-100614,2024-08-11,CUST-0037,Customer 37,PRD-0014,Laptops Item 6,Electronics,Laptops,East,West Bengal,Kolkata,5,36914.37,0,184571.85,136047.91,48523.94,Credit Card,Corporate
ORD-100615,2024-04-25,CUST-0082,Customer 82,PRD-0070,Tables Item 14,Furniture,Tables,East,West Bengal,Kolkata,5,2985.09,0.15,12686.63,7928.4,4758.23,Net Banking,Small Business
ORD-100616,2024-01-22,CUST-0166,Customer 166,PRD-0078,Laptops Item 2,Electronics,Laptops,South,Karnataka,Bengaluru,3,23866.04,0.05,68018.21,48583.58,19434.63,UPI,Small Business
ORD-100617,2024-05-04,CUST-0137,Customer 137,PRD-0031,Men Item 15,Clothing,Men,East,West Bengal,Kolkata,5,19357.57,0.05,91948.46,67180.43,24768.03,Net Banking,Consumer
ORD-100618,2024-06-13,CUST-0113,Customer 113,PRD-0041,Tables Item 14,Furniture,Tables,East,West Bengal,Kolkata,1,46828.86,0,46828.86,28541.47,18287.39,UPI,Corporate
ORD-100619,2024-04-12,CUST-0042,Customer 42,PRD-0034,Laptops Item 17,Electronics,Laptops,West,Maharashtra,Mumbai,4,46339.56,0.05,176090.33,122114.63,53975.7,UPI,Corporate
ORD-100620,2024-05-19,CUST-0001,Customer 1,PRD-0052,Tables Item 7,Furniture,Tables,West,Maharashtra,Mumbai,1,38146.38,0,38146.38,25788.15,12358.23,Debit Card,Corporate
ORD-100621,2025-02-24,CUST-0082,Customer 82,PRD-0058,Men Item 16,Clothing,Men,North,Delhi,New Delhi,2,12630.26,0,25260.52,18172.22,7088.3,Credit Card,Corporate
ORD-100622,2025-01-11,CUST-0047,Customer 47,PRD-0051,Audio Item 13,Electronics,Audio,Central,Madhya Pradesh,Bhopal,3,40016.53,0,120049.59,68053.69,51995.9,Cash on Delivery,Consumer
ORD-100623,2024-07-22,CUST-0068,Customer 68,PRD-0022,Phones Item 2,Electronics,Phones,Central,Madhya Pradesh,Bhopal,5,31406.04,0,157030.2,116960.1,40070.1,Net Banking,Small Business
ORD-100624,2024-04-30,CUST-0004,Customer 4,PRD-0068,Tables Item 14,Furniture,Tables,South,Karnataka,Bengaluru,1,47910.04,0,47910.04,35427.02,12483.02,Net Banking,Small Business
ORD-100625,2025-05-21,CUST-0098,Customer 98,PRD-0017,Chairs Item 14,Furniture,Chairs,South,Karnataka,Bengaluru,2,9689.1,0.05,18409.29,11185.34,7223.95,Credit Card,Small Business
ORD-100626,2024-09-25,CUST-0061,Customer 61,PRD-0080,Laptops Item 15,Electronics,Laptops,South,Karnataka,Bengaluru,4,9182.42,0,36729.68,20412.69,16316.99,Credit Card,Corporate
ORD-100627,2025-02-11,CUST-0176,Customer 176,PRD-0028,Women Item 13,Clothing,Women,North,Delhi,New Delhi,1,23550.3,0.05,22372.78,16665.03,5707.75,Net Banking,Small Business
ORD-100628,2024-08-28,CUST-0121,Customer 121,PRD-0046,Women Item 20,Clothing,Women,North,Delhi,New Delhi,1,27938.6,0,27938.6,17226.17,10712.43,Cash on Delivery,Small Business
ORD-100629,2025-02-08,CUST-0172,Customer 172,PRD-0048,Men Item 5,Clothing,Men,North,Delhi,New Delhi,3,25326.19,0.1,68380.71,41746.52,26634.19,Cash on Delivery,Consumer
ORD-100630,2024-05-15,CUST-0023,Customer 23,PRD-0041,Men Item 17,Clothing,Men,East,West Bengal,Kolkata,2,25286.59,0.05,48044.52,34860.11,13184.41,Net Banking,Consumer
ORD-100631,2024-10-14,CUST-0192,Customer 192,PRD-0047,Chairs Item 14,Furniture,Chairs,East,West Bengal,Kolkata,1,48930.13,0.1,44037.12,31897.67,12139.45,Debit Card,Corporate
ORD-100632,2025-05-18,CUST-0196,Customer 196,PRD-0020,Women Item 18,Clothing,Women,Central,Madhya Pradesh,Bhopal,3,21901.61,0,65704.83,40284.2,25420.63,Net Banking,Consumer
ORD-100633,2025-04-23,CUST-0112,Customer 112,PRD-0015,Phones Item 16,Electronics,Phones,North,Delhi,New Delhi,2,9320.44,0.1,16776.79,10100.38,6676.41,UPI,Corporate
ORD-100634,2024-04-05,CUST-0053,Customer 53,PRD-0037,Tables Item 6,Furniture,Tables,West,Maharashtra,Mumbai,4,5802.05,0,23208.2,13338.47,9869.73,Credit Card,Small Business
ORD-100635,2025-08-07,CUST-0047,Customer 47,PRD-0054,Women Item 3,Clothing,Women,Central,Madhya Pradesh,Bhopal,5,10777.33,0,53886.65,35306.7,18579.95,Credit Card,Corporate
ORD-100636,2025-08-27,CUST-0028,Customer 28,PRD-0042,Men Item 5,Clothing,Men,East,West Bengal,Kolkata,1,14357.21,0,14357.21,9028.3,5328.91,UPI,Consumer
ORD-100637,2024-02-14,CUST-0168,Customer 168,PRD-0080,Tables Item 15,Furniture,Tables,West,Maharashtra,Mumbai,3,29791.37,0,89374.11,55044.21,34329.9,Debit Card,Small Business
ORD-100638,2024-02-26,CUST-0191,Customer 191,PRD-0010,Men Item 18,Clothing,Men,South,Karnataka,Bengaluru,1,40117.59,0.05,38111.71,23424.76,14686.95,Cash on Delivery,Corporate
ORD-100639,2024-08-01,CUST-0042,Customer 42,PRD-0050,Laptops Item 13,Electronics,Laptops,East,West Bengal,Kolkata,2,12155.99,0.1,21880.78,12424.73,9456.05,Debit Card,Small Business
ORD-100640,2024-11-13,CUST-0176,Customer 176,PRD-0078,Men Item 5,Clothing,Men,North,Delhi,New Delhi,3,24644.09,0.1,66539.04,46389.55,20149.49,Debit Card,Small Business
ORD-100641,2025-07-30,CUST-0154,Customer 154,PRD-0055,Laptops Item 3,Electronics,Laptops,Central,Madhya Pradesh,Bhopal,2,24583.23,0.1,44249.81,28553.87,15695.94,Net Banking,Corporate
ORD-100642,2025-04-19,CUST-0174,Customer 174,PRD-0029,Men Item 5,Clothing,Men,West,Maharashtra,Mumbai,4,4828.78,0.15,16417.85,10151.96,6265.89,Net Banking,Small Business
ORD-100643,2024-05-10,CUST-0176,Customer 176,PRD-0039,Men Item 8,Clothing,Men,East,West Bengal,Kolkata,4,21980.3,0.1,79129.08,48274.96,30854.12,Cash on Delivery,Corporate
ORD-100644,2025-03-11,CUST-0106,Customer 106,PRD-0013,Chairs Item 15,Furniture,Chairs,Central,Madhya Pradesh,Bhopal,1,45881.64,0.15,38999.39,22289.18,16710.21,Cash on Delivery,Corporate
ORD-100645,2025-04-18,CUST-0046,Customer 46,PRD-0024,Tables Item 13,Furniture,Tables,Central,Madhya Pradesh,Bhopal,1,38478.61,0,38478.61,22040.05,16438.56,UPI,Consumer
ORD-100646,2024-09-28,CUST-0088,Customer 88,PRD-0024,Tables Item 7,Furniture,Tables,East,West Bengal,Kolkata,5,36259.92,0.1,163169.64,110100.69,53068.95,Credit Card,Consumer
ORD-100647,2024-01-14,CUST-0044,Customer 44,PRD-0062,Women Item 15,Clothing,Women,North,Delhi,New Delhi,4,26811.92,0,107247.68,67457.37,39790.31,Net Banking,Small Business
ORD-100648,2025-02-08,CUST-0078,Customer 78,PRD-0012,Women Item 5,Clothing,Women,East,West Bengal,Kolkata,5,40694.0,0.15,172949.5,107599.8,65349.7,Credit Card,Consumer
ORD-100649,2024-05-28,CUST-0167,Customer 167,PRD-0031,Phones Item 14,Electronics,Phones,North,Delhi,New Delhi,2,42978.8,0,85957.6,55547.82,30409.78,Cash on Delivery,Consumer
ORD-100650,2024-06-05,CUST-0190,Customer 190,PRD-0057,Laptops Item 16,Electronics,Laptops,West,Maharashtra,Mumbai,2,23804.66,0,47609.32,27294.03,20315.29,Net Banking,Consumer
ORD-100651,2024-01-09,CUST-0027,Customer 27,PRD-0056,Chairs Item 14,Furniture,Chairs,South,Karnataka,Bengaluru,3,28557.64,0.1,77105.63,43193.37,33912.26,Net Banking,Small Business
ORD-100652,2025-09-18,CUST-0174,Customer 174,PRD-0063,Women Item 8,Clothing,Women,North,Delhi,New Delhi,4,20104.08,0.15,68353.87,45674.59,22679.28,UPI,Small Business
ORD-100653,2025-03-03,CUST-0122,Customer 122,PRD-0015,Laptops Item 16,Electronics,Laptops,Central,Madhya Pradesh,Bhopal,3,27752.13,0.05,79093.57,57625.63,21467.94,Cash on Delivery,Small Business
ORD-100654,2025-03-24,CUST-0060,Customer 60,PRD-0065,Tables Item 8,Furniture,Tables,West,Maharashtra,Mumbai,1,8234.41,0,8234.41,5301.71,2932.7,Cash on Delivery,Small Business
ORD-100655,2025-01-03,CUST-0121,Customer 121,PRD-0021,Tables Item 20,Furniture,Tables,South,Karnataka,Bengaluru,3,36205.15,0.1,97753.91,72529.56,25224.35,Credit Card,Corporate
ORD-100656,2024-04-13,CUST-0107,Customer 107,PRD-0064,Men Item 10,Clothing,Men,West,Maharashtra,Mumbai,2,8829.9,0,17659.8,11852.37,5807.43,Credit Card,Consumer
ORD-100657,2024-06-27,CUST-0129,Customer 129,PRD-0005,Men Item 3,Clothing,Men,North,Delhi,New Delhi,3,44069.12,0.05,125596.99,86082.36,39514.63,Debit Card,Corporate
ORD-100658,2024-12-14,CUST-0091,Customer 91,PRD-0006,Audio Item 18,Electronics,Audio,South,Karnataka,Bengaluru,1,28186.68,0.1,25368.01,15260.49,10107.52,Debit Card,Consumer
ORD-100659,2025-09-17,CUST-0157,Customer 157,PRD-0014,Men Item 18,Clothing,Men,North,Delhi,New Delhi,4,39989.55,0,159958.2,119157.97,40800.23,UPI,Small Business
ORD-100660,2025-03-28,CUST-0196,Customer 196,PRD-0065,Phones Item 16,Electronics,Phones,North,Delhi,New Delhi,2,45567.09,0,91134.18,63399.3,27734.88,UPI,Consumer
ORD-100661,2025-03-01,CUST-0197,Customer 197,PRD-0001,Women Item 8,Clothing,Women,East,West Bengal,Kolkata,2,6324.58,0,12649.16,8067.91,4581.25,Net Banking,Corporate
ORD-100662,2024-09-08,CUST-0039,Customer 39,PRD-0068,Chairs Item 14,Furniture,Chairs,North,Delhi,New Delhi,3,18747.33,0.1,50617.79,31490.78,19127.01,Credit Card,Consumer
ORD-100663,2025-01-05,CUST-0008,Customer 8,PRD-0057,Tables Item 5,Furniture,Tables,West,Maharashtra,Mumbai,4,47601.66,0.15,161845.64,114735.85,47109.79,UPI,Small Business
ORD-100664,2025-02-06,CUST-0195,Customer 195,PRD-0005,Men Item 5,Clothing,Men,North,Delhi,New Delhi,3,15877.27,0,47631.81,30332.63,17299.18,Cash on Delivery,Consumer
ORD-100665,2024-11-17,CUST-0089,Customer 89,PRD-0002,Women Item 9,Clothing,Women,West,Maharashtra,Mumbai,4,44311.99,0.15,150660.77,109185.26,41475.51,Cash on Delivery,Small Business
ORD-100666,2025-09-25,CUST-0167,Customer 167,PRD-0057,Audio Item 12,Electronics,Audio,West,Maharashtra,Mumbai,4,32265.19,0.15,109701.65,74034.56,35667.09,Net Banking,Consumer
ORD-100667,2025-07-07,CUST-0073,Customer 73,PRD-0028,Chairs Item 3,Furniture,Chairs,North,Delhi,New Delhi,5,16857.75,0,84288.75,55132.76,29155.99,Cash on Delivery,Small Business
ORD-100668,2024-09-04,CUST-0199,Customer 199,PRD-0039,Tables Item 14,Furniture,Tables,South,Karnataka,Bengaluru,1,1588.98,0.15,1350.63,902.9,447.73,Cash on Delivery,Consumer
ORD-100669,2024-05-07,CUST-0115,Customer 115,PRD-0039,Men Item 19,Clothing,Men,East,West Bengal,Kolkata,3,31424.08,0.05,89558.63,51474.95,38083.68,UPI,Corporate
ORD-100670,2024-08-27,CUST-0090,Customer 90,PRD-0039,Chairs Item 10,Furniture,Chairs,Central,Madhya Pradesh,Bhopal,5,35789.43,0.15,152105.08,109348.21,42756.87,Cash on Delivery,Small Business
ORD-100671,2025-08-19,CUST-0050,Customer 50,PRD-0047,Audio Item 15,Electronics,Audio,West,Maharashtra,Mumbai,5,36928.11,0,184640.55,113659.07,70981.48,UPI,Consumer
ORD-100672,2025-05-02,CUST-0055,Customer 55,PRD-0058,Women Item 3,Clothing,Women,West,Maharashtra,Mumbai,1,4793.98,0.1,4314.58,3139.73,1174.85,Debit Card,Small Business
ORD-100673,2025-08-21,CUST-0128,Customer 128,PRD-0055,Women Item 15,Clothing,Women,Central,Madhya Pradesh,Bhopal,5,26043.46,0.1,117195.57,84896.82,32298.75,Net Banking,Small Business
ORD-100674,2025-06-09,CUST-0136,Customer 136,PRD-0016,Chairs Item 7,Furniture,Chairs,South,Karnataka,Bengaluru,5,6530.77,0.1,29388.47,16924.15,12464.32,Net Banking,Corporate
ORD-100675,2025-02-22,CUST-0029,Customer 29,PRD-0016,Audio Item 12,Electronics,Audio,South,Karnataka,Bengaluru,5,18592.74,0,92963.7,62315.43,30648.27,Cash on Delivery,Corporate
ORD-100676,2025-05-12,CUST-0008,Customer 8,PRD-0019,Audio Item 5,Electronics,Audio,South,Karnataka,Bengaluru,1,18699.07,0.05,17764.12,10847.7,6916.42,Cash on Delivery,Corporate
ORD-100677,2025-07-14,CUST-0090,Customer 90,PRD-0009,Laptops Item 2,Electronics,Laptops,East,West Bengal,Kolkata,2,9317.24,0.1,16771.03,9231.06,7539.97,Net Banking,Corporate
ORD-100678,2025-09-12,CUST-0034,Customer 34,PRD-0018,Women Item 17,Clothing,Women,Central,Madhya Pradesh,Bhopal,4,45034.31,0.1,162123.52,104577.05,57546.47,Net Banking,Corporate
ORD-100679,2025-02-23,CUST-0100,Customer 100,PRD-0030,Women Item 13,Clothing,Women,South,Karnataka,Bengaluru,3,4647.89,0.15,11852.12,8093.82,3758.3,Debit Card,Small Business
ORD-100680,2025-08-08,CUST-0162,Customer 162,PRD-0040,Audio Item 18,Electronics,Audio,West,Maharashtra,Mumbai,3,32366.64,0,97099.92,67138.94,29960.98,UPI,Small Business
ORD-100681,2025-06-18,CUST-0049,Customer 49,PRD-0061,Men Item 17,Clothing,Men,South,Karnataka,Bengaluru,5,27183.35,0,135916.75,100776.64,35140.11,UPI,Consumer
ORD-100682,2025-08-16,CUST-0114,Customer 114,PRD-0011,Men Item 18,Clothing,Men,North,Delhi,New Delhi,3,39380.5,0,118141.5,84582.0,33559.5,Cash on Delivery,Corporate
ORD-100683,2025-06-24,CUST-0082,Customer 82,PRD-0049,Chairs Item 9,Furniture,Chairs,West,Maharashtra,Mumbai,1,17129.84,0,17129.84,10842.97,6286.87,UPI,Consumer
ORD-100684,2024-06-06,CUST-0079,Customer 79,PRD-0053,Audio Item 6,Electronics,Audio,South,Karnataka,Bengaluru,3,7372.91,0.05,21012.79,14785.88,6226.91,UPI,Small Business
ORD-100685,2025-02-26,CUST-0083,Customer 83,PRD-0034,Chairs Item 13,Furniture,Chairs,North,Delhi,New Delhi,1,15041.61,0,15041.61,9235.67,5805.94,UPI,Consumer
ORD-100686,2025-01-29,CUST-0030,Customer 30,PRD-0035,Phones Item 2,Electronics,Phones,Central,Madhya Pradesh,Bhopal,5,11977.26,0.15,50903.36,35656.68,15246.68,Debit Card,Corporate
ORD-100687,2024-01-20,CUST-0069,Customer 69,PRD-0071,Women Item 19,Clothing,Women,North,Delhi,New Delhi,4,1639.54,0,6558.16,4805.47,1752.69,UPI,Consumer
ORD-100688,2025-05-27,CUST-0053,Customer 53,PRD-0019,Men Item 12,Clothing,Men,East,West Bengal,Kolkata,5,20455.95,0,102279.75,73565.28,28714.47,Cash on Delivery,Consumer
ORD-100689,2025-09-27,CUST-0075,Customer 75,PRD-0022,Audio Item 1,Electronics,Audio,West,Maharashtra,Mumbai,5,22696.75,0,113483.75,80860.43,32623.32,UPI,Corporate
ORD-100690,2025-06-06,CUST-0073,Customer 73,PRD-0006,Tables Item 6,Furniture,Tables,West,Maharashtra,Mumbai,3,42153.45,0,126460.35,84353.08,42107.27,Cash on Delivery,Small Business
ORD-100691,2024-10-13,CUST-0111,Customer 111,PRD-0027,Laptops Item 20,Electronics,Laptops,North,Delhi,New Delhi,4,34981.78,0,139927.12,97251.41,42675.71,Cash on Delivery,Corporate
ORD-100692,2025-04-15,CUST-0154,Customer 154,PRD-0043,Women Item 1,Clothing,Women,East,West Bengal,Kolkata,4,13796.05,0.05,52424.99,32415.73,20009.26,Credit Card,Small Business
ORD-100693,2025-05-15,CUST-0196,Customer 196,PRD-0051,Audio Item 18,Electronics,Audio,West,Maharashtra,Mumbai,1,45091.96,0,45091.96,28526.64,16565.32,UPI,Small Business
ORD-100694,2024-12-27,CUST-0097,Customer 97,PRD-0077,Men Item 12,Clothing,Men,Central,Madhya Pradesh,Bhopal,1,44650.1,0.1,40185.09,27504.65,12680.44,Net Banking,Consumer
ORD-100695,2024-08-14,CUST-0191,Customer 191,PRD-0003,Men Item 9,Clothing,Men,North,Delhi,New Delhi,4,18649.94,0,74599.76,47662.95,26936.81,Debit Card,Consumer
ORD-100696,2024-02-07,CUST-0072,Customer 72,PRD-0064,Audio Item 20,Electronics,Audio,East,West Bengal,Kolkata,2,11866.05,0.1,21358.89,15879.47,5479.42,Credit Card,Consumer
ORD-100697,2024-06-23,CUST-0142,Customer 142,PRD-0025,Audio Item 19,Electronics,Audio,West,Maharashtra,Mumbai,1,43521.83,0.15,36993.56,24048.22,12945.34,Cash on Delivery,Small Business
ORD-100698,2025-08-06,CUST-0059,Customer 59,PRD-0067,Phones Item 9,Electronics,Phones,Central,Madhya Pradesh,Bhopal,2,37349.48,0,74698.96,44963.16,29735.8,Credit Card,Small Business
ORD-100699,2024-01-03,CUST-0110,Customer 110,PRD-0007,Audio Item 11,Electronics,Audio,Central,Madhya Pradesh,Bhopal,5,12795.47,0.15,54380.75,39514.16,14866.59,Net Banking,Corporate
ORD-100700,2024-08-17,CUST-0013,Customer 13,PRD-0036,Chairs Item 14,Furniture,Chairs,Central,Madhya Pradesh,Bhopal,4,24879.62,0.15,84590.71,59366.13,25224.58,Cash on Delivery,Corporate
ORD-100701,2024-08-19,CUST-0177,Customer 177,PRD-0055,Chairs Item 3,Furniture,Chairs,West,Maharashtra,Mumbai,2,16868.35,0.15,28676.19,20404.1,8272.09,Credit Card,Consumer
ORD-100702,2025-03-18,CUST-0007,Customer 7,PRD-0076,Laptops Item 11,Electronics,Laptops,East,West Bengal,Kolkata,1,31374.54,0,31374.54,17430.9,13943.64,Debit Card,Consumer
ORD-100703,2024-08-30,CUST-0019,Customer 19,PRD-0077,Laptops Item 20,Electronics,Laptops,South,Karnataka,Bengaluru,3,41659.37,0.05,118729.2,77641.18,41088.02,Net Banking,Consumer
ORD-100704,2025-01-21,CUST-0081,Customer 81,PRD-0009,Women Item 5,Clothing,Women,Central,Madhya Pradesh,Bhopal,1,4459.63,0,4459.63,3270.44,1189.19,UPI,Corporate
ORD-100705,2024-10-28,CUST-0098,Customer 98,PRD-0052,Laptops Item 4,Electronics,Laptops,Central,Madhya Pradesh,Bhopal,4,3476.35,0,13905.4,9203.31,4702.09,Cash on Delivery,Corporate
ORD-100706,2025-09-27,CUST-0159,Customer 159,PRD-0013,Audio Item 11,Electronics,Audio,Central,Madhya Pradesh,Bhopal,1,22779.88,0.1,20501.89,14536.52,5965.37,UPI,Corporate
ORD-100707,2024-03-10,CUST-0152,Customer 152,PRD-0025,Women Item 19,Clothing,Women,Central,Madhya Pradesh,Bhopal,2,5578.73,0,11157.46,7464.73,3692.73,Credit Card,Small Business
ORD-100708,2024-09-05,CUST-0036,Customer 36,PRD-0006,Women Item 2,Clothing,Women,East,West Bengal,Kolkata,4,24173.69,0.15,82190.55,52513.59,29676.96,Credit Card,Corporate
ORD-100709,2024-05-30,CUST-0121,Customer 121,PRD-0040,Women Item 20,Clothing,Women,Central,Madhya Pradesh,Bhopal,3,15697.17,0.15,40027.78,28223.55,11804.23,Debit Card,Corporate
ORD-100710,2025-06-03,CUST-0144,Customer 144,PRD-0007,Chairs Item 14,Furniture,Chairs,Central,Madhya Pradesh,Bhopal,5,32952.3,0,164761.5,92507.57,72253.93,Debit Card,Consumer
ORD-100711,2025-04-23,CUST-0154,Customer 154,PRD-0043,Audio Item 19,Electronics,Audio,South,Karnataka,Bengaluru,1,17209.29,0.1,15488.36,10670.8,4817.56,Cash on Delivery,Corporate
ORD-100712,2024-02-13,CUST-0127,Customer 127,PRD-0029,Women Item 1,Clothing,Women,West,Maharashtra,Mumbai,3,8281.54,0.1,22360.16,16216.06,6144.1,Credit Card,Small Business
ORD-100713,2025-01-19,CUST-0053,Customer 53,PRD-0052,Laptops Item 6,Electronics,Laptops,Central,Madhya Pradesh,Bhopal,2,12103.15,0.05,22995.98,16360.59,6635.39,UPI,Corporate
ORD-100714,2024-07-18,CUST-0162,Customer 162,PRD-0075,Phones Item 12,Electronics,Phones,East,West Bengal,Kolkata,1,27823.64,0,27823.64,16919.98,10903.66,UPI,Consumer
ORD-100715,2024-12-13,CUST-0142,Customer 142,PRD-0032,Phones Item 6,Electronics,Phones,East,West Bengal,Kolkata,2,11103.46,0.05,21096.57,14636.11,6460.46,Credit Card,Consumer
ORD-100716,2024-04-23,CUST-0087,Customer 87,PRD-0027,Laptops Item 10,Electronics,Laptops,North,Delhi,New Delhi,1,41606.0,0,41606.0,26036.39,15569.61,Net Banking,Consumer
ORD-100717,2024-03-07,CUST-0031,Customer 31,PRD-0019,Tables Item 5,Furniture,Tables,South,Karnataka,Bengaluru,5,48859.67,0.15,207653.6,150825.61,56827.99,Credit Card,Consumer
ORD-100718,2025-09-22,CUST-0151,Customer 151,PRD-0025,Women Item 18,Clothing,Women,East,West Bengal,Kolkata,3,30057.55,0,90172.65,66205.0,23967.65,Debit Card,Consumer
ORD-100719,2025-05-15,CUST-0054,Customer 54,PRD-0011,Chairs Item 16,Furniture,Chairs,North,Delhi,New Delhi,3,43668.0,0.15,111353.4,82810.95,28542.45,Cash on Delivery,Consumer
ORD-100720,2024-11-25,CUST-0183,Customer 183,PRD-0048,Audio Item 17,Electronics,Audio,West,Maharashtra,Mumbai,5,18838.45,0.15,80063.41,51469.04,28594.37,Net Banking,Small Business
ORD-100721,2024-07-31,CUST-0057,Customer 57,PRD-0026,Tables Item 15,Furniture,Tables,East,West Bengal,Kolkata,5,20167.11,0.15,85710.22,58278.45,27431.77,Credit Card,Corporate
ORD-100722,2024-03-27,CUST-0035,Customer 35,PRD-0011,Laptops Item 10,Electronics,Laptops,West,Maharashtra,Mumbai,4,28654.25,0.05,108886.15,65430.32,43455.83,Net Banking,Small Business
ORD-100723,2025-04-06,CUST-0120,Customer 120,PRD-0056,Chairs Item 14,Furniture,Chairs,Central,Madhya Pradesh,Bhopal,1,23369.6,0.15,19864.16,12261.65,7602.51,Debit Card,Corporate
ORD-100724,2024-03-18,CUST-0092,Customer 92,PRD-0011,Tables Item 10,Furniture,Tables,West,Maharashtra,Mumbai,1,9142.37,0,9142.37,5513.99,3628.38,Cash on Delivery,Small Business
ORD-100725,2025-07-13,CUST-0052,Customer 52,PRD-0043,Men Item 7,Clothing,Men,East,West Bengal,Kolkata,2,5100.77,0,10201.54,6345.84,3855.7,Debit Card,Corporate
ORD-100726,2024-01-09,CUST-0198,Customer 198,PRD-0039,Tables Item 10,Furniture,Tables,South,Karnataka,Bengaluru,5,49900.19,0.15,212075.81,155340.55,56735.26,Debit Card,Corporate
ORD-100727,2024-08-21,CUST-0059,Customer 59,PRD-0027,Chairs Item 16,Furniture,Chairs,West,Maharashtra,Mumbai,5,49465.88,0,247329.4,178842.21,68487.19,Credit Card,Small Business
ORD-100728,2025-03-15,CUST-0198,Customer 198,PRD-0054,Women Item 7,Clothing,Women,West,Maharashtra,Mumbai,3,39637.36,0.05,112966.48,81241.01,31725.47,Net Banking,Corporate
ORD-100729,2024-01-10,CUST-0128,Customer 128,PRD-0046,Men Item 11,Clothing,Men,East,West Bengal,Kolkata,2,28959.92,0,57919.84,35395.65,22524.19,Credit Card,Corporate
ORD-100730,2024-02-02,CUST-0036,Customer 36,PRD-0020,Tables Item 11,Furniture,Tables,Central,Madhya Pradesh,Bhopal,3,16438.76,0,49316.28,32722.12,16594.16,Cash on Delivery,Small Business
ORD-100731,2024-07-11,CUST-0122,Customer 122,PRD-0014,Women Item 11,Clothing,Women,West,Maharashtra,Mumbai,2,47444.9,0,94889.8,62332.93,32556.87,Cash on Delivery,Corporate
ORD-100732,2025-09-09,CUST-0126,Customer 126,PRD-0004,Women Item 6,Clothing,Women,North,Delhi,New Delhi,2,5394.8,0.15,9171.16,5369.96,3801.2,Credit Card,Consumer
ORD-100733,2024-02-28,CUST-0095,Customer 95,PRD-0067,Tables Item 1,Furniture,Tables,South,Karnataka,Bengaluru,2,14697.06,0.15,24985.0,14091.44,10893.56,Credit Card,Corporate
ORD-100734,2024-03-11,CUST-0100,Customer 100,PRD-0027,Tables Item 5,Furniture,Tables,South,Karnataka,Bengaluru,1,6631.06,0.1,5967.95,3853.21,2114.74,Credit Card,Corporate
ORD-100735,2025-05-29,CUST-0184,Customer 184,PRD-0059,Tables Item 9,Furniture,Tables,South,Karnataka,Bengaluru,5,28839.55,0.05,136987.86,91439.18,45548.68,Credit Card,Consumer
ORD-100736,2025-08-05,CUST-0126,Customer 126,PRD-0059,Laptops Item 15,Electronics,Laptops,North,Delhi,New Delhi,4,30321.46,0,121285.84,79463.0,41822.84,Cash on Delivery,Consumer
ORD-100737,2024-06-28,CUST-0107,Customer 107,PRD-0032,Men Item 6,Clothing,Men,East,West Bengal,Kolkata,4,17469.74,0.05,66385.01,41704.26,24680.75,Cash on Delivery,Small Business
ORD-100738,2024-02-14,CUST-0062,Customer 62,PRD-0021,Tables Item 9,Furniture,Tables,West,Maharashtra,Mumbai,2,34986.4,0,69972.8,43992.62,25980.18,Cash on Delivery,Corporate
ORD-100739,2025-01-12,CUST-0020,Customer 20,PRD-0014,Men Item 17,Clothing,Men,South,Karnataka,Bengaluru,4,20681.65,0.15,70317.61,40379.62,29937.99,Debit Card,Corporate
ORD-100740,2025-04-17,CUST-0098,Customer 98,PRD-0044,Chairs Item 13,Furniture,Chairs,East,West Bengal,Kolkata,2,25402.02,0.1,45723.64,25392.33,20331.31,Credit Card,Corporate
ORD-100741,2025-04-20,CUST-0125,Customer 125,PRD-0060,Phones Item 3,Electronics,Phones,East,West Bengal,Kolkata,1,35513.16,0,35513.16,21855.58,13657.58,UPI,Small Business
ORD-100742,2024-06-23,CUST-0005,Customer 5,PRD-0078,Men Item 4,Clothing,Men,West,Maharashtra,Mumbai,2,23645.23,0.05,44925.94,32270.86,12655.08,Credit Card,Corporate
ORD-100743,2024-06-06,CUST-0113,Customer 113,PRD-0046,Audio Item 6,Electronics,Audio,West,Maharashtra,Mumbai,2,4063.75,0,8127.5,5571.21,2556.29,Credit Card,Small Business
ORD-100744,2025-06-19,CUST-0165,Customer 165,PRD-0014,Audio Item 13,Electronics,Audio,Central,Madhya Pradesh,Bhopal,2,22214.5,0,44429.0,31868.93,12560.07,Debit Card,Corporate
ORD-100745,2025-01-18,CUST-0062,Customer 62,PRD-0026,Audio Item 3,Electronics,Audio,North,Delhi,New Delhi,1,38666.0,0,38666.0,28449.06,10216.94,UPI,Corporate
ORD-100746,2024-04-08,CUST-0171,Customer 171,PRD-0022,Phones Item 6,Electronics,Phones,East,West Bengal,Kolkata,2,34061.98,0,68123.96,40473.37,27650.59,UPI,Corporate
ORD-100747,2025-07-08,CUST-0102,Customer 102,PRD-0055,Men Item 4,Clothing,Men,East,West Bengal,Kolkata,3,28190.3,0,84570.9,57079.83,27491.07,Credit Card,Consumer
ORD-100748,2024-08-05,CUST-0118,Customer 118,PRD-0029,Laptops Item 3,Electronics,Laptops,East,West Bengal,Kolkata,2,946.73,0.05,1798.79,993.64,805.15,Debit Card,Small Business
ORD-100749,2025-09-05,CUST-0128,Customer 128,PRD-0014,Women Item 18,Clothing,Women,North,Delhi,New Delhi,1,44295.91,0.1,39866.32,24330.69,15535.63,Cash on Delivery,Consumer
ORD-100750,2024-05-16,CUST-0086,Customer 86,PRD-0023,Chairs Item 11,Furniture,Chairs,Central,Madhya Pradesh,Bhopal,3,49074.51,0.1,132501.18,90840.17,41661.01,Net Banking,Consumer
ORD-100751,2024-08-26,CUST-0129,Customer 129,PRD-0076,Chairs Item 1,Furniture,Chairs,Central,Madhya Pradesh,Bhopal,5,22555.8,0.15,95862.15,65005.89,30856.26,Credit Card,Consumer
ORD-100752,2024-03-02,CUST-0036,Customer 36,PRD-0048,Men Item 16,Clothing,Men,East,West Bengal,Kolkata,2,36948.08,0,73896.16,49802.56,24093.6,Debit Card,Consumer
ORD-100753,2025-03-30,CUST-0190,Customer 190,PRD-0043,Laptops Item 5,Electronics,Laptops,South,Karnataka,Bengaluru,1,12055.59,0.15,10247.25,7661.97,2585.28,Debit Card,Corporate
ORD-100754,2024-08-22,CUST-0188,Customer 188,PRD-0043,Men Item 11,Clothing,Men,Central,Madhya Pradesh,Bhopal,4,32472.71,0.05,123396.3,86391.01,37005.29,Credit Card,Consumer
ORD-100755,2024-07-06,CUST-0114,Customer 114,PRD-0001,Men Item 3,Clothing,Men,South,Karnataka,Bengaluru,2,30481.55,0.1,54866.79,35899.03,18967.76,Net Banking,Consumer
ORD-100756,2024-07-28,CUST-0061,Customer 61,PRD-0065,Phones Item 3,Electronics,Phones,South,Karnataka,Bengaluru,2,6452.94,0,12905.88,8627.92,4277.96,Net Banking,Small Business
ORD-100757,2024-11-06,CUST-0074,Customer 74,PRD-0074,Tables Item 15,Furniture,Tables,South,Karnataka,Bengaluru,2,12397.26,0,24794.52,16641.34,8153.18,Credit Card,Corporate
ORD-100758,2025-06-01,CUST-0157,Customer 157,PRD-0056,Chairs Item 5,Furniture,Chairs,East,West Bengal,Kolkata,4,19010.33,0.1,68437.19,43681.76,24755.43,Net Banking,Consumer
ORD-100759,2024-06-28,CUST-0066,Customer 66,PRD-0049,Tables Item 15,Furniture,Tables,North,Delhi,New Delhi,3,29840.13,0,89520.39,59134.52,30385.87,Debit Card,Corporate
ORD-100760,2025-04-25,CUST-0051,Customer 51,PRD-0020,Tables Item 7,Furniture,Tables,Central,Madhya Pradesh,Bhopal,5,24146.05,0.05,114693.74,66216.28,48477.46,UPI,Consumer
ORD-100761,2025-01-17,CUST-0099,Customer 99,PRD-0063,Women Item 10,Clothing,Women,West,Maharashtra,Mumbai,4,46299.42,0.1,166677.91,124024.79,42653.12,Cash on Delivery,Consumer
ORD-100762,2025-03-22,CUST-0066,Customer 66,PRD-0045,Chairs Item 17,Furniture,Chairs,North,Delhi,New Delhi,4,46620.05,0,186480.2,109808.05,76672.15,Net Banking,Small Business
ORD-100763,2024-02-05,CUST-0093,Customer 93,PRD-0004,Women Item 5,Clothing,Women,North,Delhi,New Delhi,4,46340.63,0,185362.52,110934.01,74428.51,Debit Card,Small Business
ORD-100764,2024-04-04,CUST-0165,Customer 165,PRD-0050,Chairs Item 13,Furniture,Chairs,East,West Bengal,Kolkata,2,30187.04,0,60374.08,33354.72,27019.36,Cash on Delivery,Consumer
ORD-100765,2025-05-27,CUST-0137,Customer 137,PRD-0049,Men Item 19,Clothing,Men,West,Maharashtra,Mumbai,2,41521.53,0.05,78890.91,54305.93,24584.98,Debit Card,Small Business
ORD-100766,2024-10-02,CUST-0192,Customer 192,PRD-0027,Chairs Item 13,Furniture,Chairs,North,Delhi,New Delhi,5,38879.22,0.05,184676.29,131645.68,53030.61,Debit Card,Consumer
ORD-100767,2024-10-22,CUST-0188,Customer 188,PRD-0056,Laptops Item 6,Electronics,Laptops,North,Delhi,New Delhi,1,3678.11,0.1,3310.3,2168.22,1142.08,Credit Card,Corporate
ORD-100768,2025-04-06,CUST-0146,Customer 146,PRD-0028,Audio Item 6,Electronics,Audio,South,Karnataka,Bengaluru,2,24426.27,0.15,41524.66,30715.65,10809.01,Credit Card,Consumer
ORD-100769,2025-10-01,CUST-0028,Customer 28,PRD-0022,Men Item 3,Clothing,Men,South,Karnataka,Bengaluru,3,49150.77,0.1,132707.08,84686.5,48020.58,Debit Card,Consumer
ORD-100770,2025-05-11,CUST-0173,Customer 173,PRD-0013,Chairs Item 1,Furniture,Chairs,East,West Bengal,Kolkata,1,17239.17,0.15,14653.29,8747.37,5905.92,UPI,Corporate
ORD-100771,2025-01-19,CUST-0155,Customer 155,PRD-0067,Audio Item 9,Electronics,Audio,Central,Madhya Pradesh,Bhopal,1,5022.72,0.15,4269.31,3024.2,1245.11,Net Banking,Corporate
ORD-100772,2024-09-02,CUST-0093,Customer 93,PRD-0052,Tables Item 13,Furniture,Tables,East,West Bengal,Kolkata,3,34156.63,0.05,97346.4,72999.0,24347.4,Cash on Delivery,Consumer
ORD-100773,2024-05-22,CUST-0007,Customer 7,PRD-0078,Tables Item 4,Furniture,Tables,North,Delhi,New Delhi,1,22954.58,0.1,20659.12,14359.0,6300.12,Cash on Delivery,Corporate
ORD-100774,2024-07-11,CUST-0001,Customer 1,PRD-0042,Men Item 1,Clothing,Men,East,West Bengal,Kolkata,4,30993.91,0.1,111578.08,72858.57,38719.51,Debit Card,Consumer
ORD-100775,2024-03-24,CUST-0090,Customer 90,PRD-0055,Women Item 16,Clothing,Women,West,Maharashtra,Mumbai,2,30416.8,0.1,54750.24,38206.96,16543.28,UPI,Small Business
ORD-100776,2025-05-31,CUST-0009,Customer 9,PRD-0017,Tables Item 16,Furniture,Tables,Central,Madhya Pradesh,Bhopal,2,35654.71,0.15,60613.01,43959.39,16653.62,UPI,Corporate
ORD-100777,2024-09-03,CUST-0063,Customer 63,PRD-0028,Women Item 6,Clothing,Women,South,Karnataka,Bengaluru,4,47761.55,0.1,171941.58,117355.02,54586.56,UPI,Consumer
ORD-100778,2024-09-20,CUST-0171,Customer 171,PRD-0061,Chairs Item 4,Furniture,Chairs,South,Karnataka,Bengaluru,3,45151.9,0.05,128682.92,76447.33,52235.59,Credit Card,Small Business
ORD-100779,2025-09-07,CUST-0017,Customer 17,PRD-0044,Women Item 13,Clothing,Women,North,Delhi,New Delhi,3,43622.64,0.15,111237.73,78229.88,33007.85,Net Banking,Small Business
ORD-100780,2024-04-01,CUST-0088,Customer 88,PRD-0076,Women Item 7,Clothing,Women,South,Karnataka,Bengaluru,2,13102.88,0.05,24895.47,14129.08,10766.39,UPI,Small Business
ORD-100781,2025-08-27,CUST-0138,Customer 138,PRD-0025,Chairs Item 13,Furniture,Chairs,East,West Bengal,Kolkata,4,28930.46,0,115721.84,70840.26,44881.58,Net Banking,Corporate
ORD-100782,2025-07-05,CUST-0118,Customer 118,PRD-0041,Chairs Item 5,Furniture,Chairs,Central,Madhya Pradesh,Bhopal,5,29620.64,0,148103.2,93166.17,54937.03,Debit Card,Consumer
ORD-100783,2024-11-12,CUST-0129,Customer 129,PRD-0016,Tables Item 9,Furniture,Tables,South,Karnataka,Bengaluru,5,14312.96,0,71564.8,47932.39,23632.41,Cash on Delivery,Corporate
ORD-100784,2024-12-07,CUST-0040,Customer 40,PRD-0027,Men Item 8,Clothing,Men,West,Maharashtra,Mumbai,3,35266.2,0.1,95218.74,53490.32,41728.42,UPI,Consumer
ORD-100785,2025-03-08,CUST-0174,Customer 174,PRD-0061,Tables Item 12,Furniture,Tables,East,West Bengal,Kolkata,2,49554.95,0.15,84243.41,52943.37,31300.04,Net Banking,Corporate
ORD-100786,2025-07-15,CUST-0101,Customer 101,PRD-0013,Audio Item 5,Electronics,Audio,East,West Bengal,Kolkata,3,34879.54,0,104638.62,72223.85,32414.77,Debit Card,Small Business
ORD-100787,2025-05-09,CUST-0075,Customer 75,PRD-0019,Audio Item 7,Electronics,Audio,East,West Bengal,Kolkata,4,32800.77,0.15,111522.62,64405.67,47116.95,Credit Card,Small Business
ORD-100788,2024-05-31,CUST-0097,Customer 97,PRD-0055,Audio Item 6,Electronics,Audio,North,Delhi,New Delhi,3,36352.68,0.15,92699.33,52874.73,39824.6,UPI,Consumer
ORD-100789,2025-08-30,CUST-0112,Customer 112,PRD-0020,Tables Item 13,Furniture,Tables,South,Karnataka,Bengaluru,1,6043.87,0.15,5137.29,3493.46,1643.83,Credit Card,Consumer
ORD-100790,2025-01-19,CUST-0199,Customer 199,PRD-0012,Phones Item 15,Electronics,Phones,West,Maharashtra,Mumbai,4,15273.94,0.15,51931.4,38476.55,13454.85,Net Banking,Corporate
ORD-100791,2025-06-05,CUST-0058,Customer 58,PRD-0003,Women Item 19,Clothing,Women,East,West Bengal,Kolkata,1,6176.02,0,6176.02,3547.57,2628.45,Cash on Delivery,Small Business
ORD-100792,2025-03-20,CUST-0077,Customer 77,PRD-0074,Tables Item 5,Furniture,Tables,North,Delhi,New Delhi,5,9218.61,0.1,41483.75,31112.43,10371.32,UPI,Corporate
ORD-100793,2025-07-03,CUST-0136,Customer 136,PRD-0063,Audio Item 3,Electronics,Audio,Central,Madhya Pradesh,Bhopal,2,20385.46,0,40770.92,25635.1,15135.82,Cash on Delivery,Small Business
ORD-100794,2024-01-06,CUST-0143,Customer 143,PRD-0058,Men Item 11,Clothing,Men,South,Karnataka,Bengaluru,1,9197.08,0.15,7817.52,5386.61,2430.91,UPI,Consumer
ORD-100795,2024-02-05,CUST-0022,Customer 22,PRD-0016,Audio Item 17,Electronics,Audio,South,Karnataka,Bengaluru,2,4573.48,0.05,8689.61,6259.04,2430.57,Debit Card,Corporate
ORD-100796,2025-06-15,CUST-0076,Customer 76,PRD-0069,Men Item 15,Clothing,Men,West,Maharashtra,Mumbai,1,12567.19,0,12567.19,9290.21,3276.98,Credit Card,Small Business
ORD-100797,2024-04-11,CUST-0170,Customer 170,PRD-0006,Tables Item 8,Furniture,Tables,Central,Madhya Pradesh,Bhopal,3,30387.37,0.15,77487.79,45870.28,31617.51,UPI,Consumer
ORD-100798,2024-10-11,CUST-0033,Customer 33,PRD-0080,Laptops Item 14,Electronics,Laptops,South,Karnataka,Bengaluru,2,30186.79,0,60373.58,40351.08,20022.5,UPI,Small Business
ORD-100799,2025-03-11,CUST-0178,Customer 178,PRD-0019,Tables Item 18,Furniture,Tables,West,Maharashtra,Mumbai,2,20122.96,0,40245.92,29739.65,10506.27,Credit Card,Consumer
ORD-100800,2025-03-05,CUST-0040,Customer 40,PRD-0041,Women Item 14,Clothing,Women,South,Karnataka,Bengaluru,3,28269.38,0.15,72086.92,48369.53,23717.39,Net Banking,Consumer
ORD-100801,2025-02-20,CUST-0017,Customer 17,PRD-0043,Men Item 3,Clothing,Men,North,Delhi,New Delhi,3,6406.14,0,19218.42,13199.13,6019.29,Debit Card,Corporate
ORD-100802,2024-08-15,CUST-0097,Customer 97,PRD-0014,Chairs Item 4,Furniture,Chairs,South,Karnataka,Bengaluru,3,691.19,0.1,1866.21,1392.0,474.21,Credit Card,Small Business
ORD-100803,2024-10-15,CUST-0142,Customer 142,PRD-0035,Women Item 20,Clothing,Women,Central,Madhya Pradesh,Bhopal,4,4957.92,0.05,18840.1,13001.39,5838.71,UPI,Consumer
ORD-100804,2025-02-16,CUST-0123,Customer 123,PRD-0076,Laptops Item 5,Electronics,Laptops,West,Maharashtra,Mumbai,2,17389.61,0.15,29562.34,19521.03,10041.31,Debit Card,Consumer
ORD-100805,2025-01-14,CUST-0182,Customer 182,PRD-0032,Men Item 20,Clothing,Men,South,Karnataka,Bengaluru,2,19064.27,0.05,36222.11,20305.13,15916.98,Net Banking,Small Business
ORD-100806,2025-03-14,CUST-0134,Customer 134,PRD-0030,Chairs Item 10,Furniture,Chairs,West,Maharashtra,Mumbai,3,39963.75,0.15,101907.56,61894.98,40012.58,UPI,Corporate
ORD-100807,2024-06-18,CUST-0148,Customer 148,PRD-0008,Tables Item 3,Furniture,Tables,North,Delhi,New Delhi,1,4019.32,0,4019.32,2970.17,1049.15,Debit Card,Small Business
ORD-100808,2025-06-11,CUST-0176,Customer 176,PRD-0069,Chairs Item 4,Furniture,Chairs,West,Maharashtra,Mumbai,5,46635.58,0,233177.9,150616.88,82561.02,Net Banking,Consumer
ORD-100809,2025-06-24,CUST-0176,Customer 176,PRD-0078,Men Item 2,Clothing,Men,North,Delhi,New Delhi,4,35189.07,0.05,133718.47,80076.67,53641.8,Cash on Delivery,Corporate
ORD-100810,2025-06-10,CUST-0091,Customer 91,PRD-0007,Audio Item 14,Electronics,Audio,Central,Madhya Pradesh,Bhopal,2,8905.75,0.05,16920.92,12147.22,4773.7,Net Banking,Corporate
ORD-100811,2024-04-30,CUST-0075,Customer 75,PRD-0039,Laptops Item 16,Electronics,Laptops,North,Delhi,New Delhi,3,45719.45,0,137158.35,98252.74,38905.61,Debit Card,Corporate
ORD-100812,2025-06-11,CUST-0010,Customer 10,PRD-0060,Phones Item 20,Electronics,Phones,Central,Madhya Pradesh,Bhopal,4,11029.67,0.05,41912.75,30840.32,11072.43,Net Banking,Consumer
ORD-100813,2024-12-24,CUST-0185,Customer 185,PRD-0024,Chairs Item 13,Furniture,Chairs,Central,Madhya Pradesh,Bhopal,4,16561.88,0.05,62935.14,35963.2,26971.94,Debit Card,Consumer
ORD-100814,2025-02-24,CUST-0032,Customer 32,PRD-0063,Laptops Item 1,Electronics,Laptops,West,Maharashtra,Mumbai,2,4420.24,0.15,7514.41,5483.28,2031.13,Credit Card,Small Business
ORD-100815,2024-07-05,CUST-0138,Customer 138,PRD-0035,Chairs Item 4,Furniture,Chairs,West,Maharashtra,Mumbai,4,18840.61,0.05,71594.32,45510.24,26084.08,Net Banking,Small Business
ORD-100816,2024-07-22,CUST-0029,Customer 29,PRD-0025,Chairs Item 10,Furniture,Chairs,South,Karnataka,Bengaluru,3,37405.14,0,112215.42,69780.86,42434.56,UPI,Consumer
ORD-100817,2024-09-29,CUST-0031,Customer 31,PRD-0054,Tables Item 16,Furniture,Tables,East,West Bengal,Kolkata,1,8183.56,0,8183.56,6053.18,2130.38,Cash on Delivery,Corporate
ORD-100818,2024-04-20,CUST-0006,Customer 6,PRD-0017,Men Item 5,Clothing,Men,East,West Bengal,Kolkata,4,25192.56,0.1,90693.22,52265.01,38428.21,Debit Card,Small Business
ORD-100819,2025-09-03,CUST-0189,Customer 189,PRD-0002,Audio Item 14,Electronics,Audio,South,Karnataka,Bengaluru,1,33979.85,0.05,32280.86,20528.46,11752.4,Net Banking,Corporate
ORD-100820,2024-07-10,CUST-0064,Customer 64,PRD-0036,Tables Item 4,Furniture,Tables,North,Delhi,New Delhi,4,12537.82,0,50151.28,34897.75,15253.53,Debit Card,Small Business
ORD-100821,2025-05-29,CUST-0157,Customer 157,PRD-0024,Audio Item 7,Electronics,Audio,West,Maharashtra,Mumbai,2,23799.86,0,47599.72,32854.71,14745.01,Cash on Delivery,Small Business
ORD-100822,2024-07-15,CUST-0038,Customer 38,PRD-0055,Men Item 1,Clothing,Men,South,Karnataka,Bengaluru,1,6788.33,0,6788.33,4105.39,2682.94,Cash on Delivery,Consumer
ORD-100823,2025-03-12,CUST-0123,Customer 123,PRD-0008,Phones Item 17,Electronics,Phones,West,Maharashtra,Mumbai,4,26343.56,0,105374.24,62629.71,42744.53,Net Banking,Small Business
ORD-100824,2024-09-09,CUST-0082,Customer 82,PRD-0007,Laptops Item 6,Electronics,Laptops,North,Delhi,New Delhi,3,18306.09,0.05,52172.36,36119.82,16052.54,UPI,Consumer
ORD-100825,2024-04-13,CUST-0111,Customer 111,PRD-0024,Audio Item 9,Electronics,Audio,East,West Bengal,Kolkata,2,14408.79,0.05,27376.7,20031.43,7345.27,Net Banking,Corporate
ORD-100826,2024-05-13,CUST-0085,Customer 85,PRD-0047,Tables Item 12,Furniture,Tables,North,Delhi,New Delhi,1,33513.59,0.15,28486.55,20057.17,8429.38,Cash on Delivery,Small Business
ORD-100827,2024-04-18,CUST-0034,Customer 34,PRD-0078,Women Item 4,Clothing,Women,South,Karnataka,Bengaluru,3,10659.66,0.1,28781.08,16331.72,12449.36,UPI,Small Business
ORD-100828,2025-09-25,CUST-0088,Customer 88,PRD-0039,Men Item 16,Clothing,Men,South,Karnataka,Bengaluru,4,46289.93,0,185159.72,136715.2,48444.52,Credit Card,Small Business
ORD-100829,2025-07-27,CUST-0089,Customer 89,PRD-0047,Men Item 15,Clothing,Men,North,Delhi,New Delhi,2,9747.0,0.15,16569.9,11471.68,5098.22,UPI,Corporate
ORD-100830,2024-06-19,CUST-0154,Customer 154,PRD-0036,Laptops Item 5,Electronics,Laptops,West,Maharashtra,Mumbai,5,46580.35,0.15,197966.49,140195.32,57771.17,Debit Card,Consumer
ORD-100831,2024-03-17,CUST-0043,Customer 43,PRD-0057,Men Item 17,Clothing,Men,South,Karnataka,Bengaluru,4,24852.29,0.15,84497.79,61180.72,23317.07,Net Banking,Small Business
ORD-100832,2024-08-11,CUST-0152,Customer 152,PRD-0002,Tables Item 17,Furniture,Tables,Central,Madhya Pradesh,Bhopal,3,10504.84,0,31514.52,18341.47,13173.05,Net Banking,Small Business
ORD-100833,2024-06-24,CUST-0058,Customer 58,PRD-0006,Women Item 18,Clothing,Women,East,West Bengal,Kolkata,2,14958.91,0.05,28421.93,18770.7,9651.23,Credit Card,Corporate
ORD-100834,2024-02-22,CUST-0165,Customer 165,PRD-0032,Audio Item 7,Electronics,Audio,South,Karnataka,Bengaluru,3,46376.95,0.05,132174.31,95783.63,36390.68,Cash on Delivery,Consumer
ORD-100835,2025-07-16,CUST-0068,Customer 68,PRD-0018,Audio Item 14,Electronics,Audio,East,West Bengal,Kolkata,5,48616.49,0.05,230928.33,130855.36,100072.97,Cash on Delivery,Corporate
ORD-100836,2024-01-17,CUST-0138,Customer 138,PRD-0075,Chairs Item 4,Furniture,Chairs,North,Delhi,New Delhi,3,11120.12,0.05,31692.34,18551.02,13141.32,Net Banking,Small Business
ORD-100837,2025-02-08,CUST-0040,Customer 40,PRD-0058,Chairs Item 8,Furniture,Chairs,West,Maharashtra,Mumbai,2,16348.3,0,32696.6,21786.82,10909.78,Net Banking,Corporate
ORD-100838,2024-06-29,CUST-0049,Customer 49,PRD-0073,Laptops Item 16,Electronics,Laptops,North,Delhi,New Delhi,4,9239.37,0,36957.48,26355.1,10602.38,Credit Card,Small Business
ORD-100839,2024-07-11,CUST-0018,Customer 18,PRD-0019,Chairs Item 3,Furniture,Chairs,East,West Bengal,Kolkata,2,44285.6,0.1,79714.08,54801.31,24912.77,Net Banking,Consumer
ORD-100840,2025-01-21,CUST-0099,Customer 99,PRD-0003,Tables Item 4,Furniture,Tables,North,Delhi,New Delhi,5,7037.11,0,35185.55,23597.5,11588.05,UPI,Small Business
ORD-100841,2024-01-10,CUST-0028,Customer 28,PRD-0070,Phones Item 11,Electronics,Phones,South,Karnataka,Bengaluru,1,13529.29,0.15,11499.9,6355.99,5143.91,UPI,Consumer
ORD-100842,2024-06-07,CUST-0063,Customer 63,PRD-0008,Laptops Item 18,Electronics,Laptops,Central,Madhya Pradesh,Bhopal,4,40810.15,0.05,155078.57,95582.87,59495.7,Debit Card,Small Business
ORD-100843,2025-03-01,CUST-0037,Customer 37,PRD-0001,Men Item 8,Clothing,Men,North,Delhi,New Delhi,1,5320.2,0.05,5054.19,2883.48,2170.71,UPI,Consumer
ORD-100844,2025-01-28,CUST-0176,Customer 176,PRD-0015,Tables Item 16,Furniture,Tables,South,Karnataka,Bengaluru,3,32837.16,0,98511.48,72340.74,26170.74,Credit Card,Consumer
ORD-100845,2024-03-27,CUST-0012,Customer 12,PRD-0078,Phones Item 5,Electronics,Phones,East,West Bengal,Kolkata,3,3999.24,0.05,11397.83,6538.6,4859.23,Credit Card,Corporate
ORD-100846,2024-11-04,CUST-0160,Customer 160,PRD-0037,Women Item 12,Clothing,Women,Central,Madhya Pradesh,Bhopal,2,34035.78,0,68071.56,49598.54,18473.02,UPI,Corporate
ORD-100847,2024-05-30,CUST-0082,Customer 82,PRD-0019,Tables Item 13,Furniture,Tables,East,West Bengal,Kolkata,1,39485.04,0,39485.04,27858.94,11626.1,Net Banking,Small Business
ORD-100848,2024-11-26,CUST-0033,Customer 33,PRD-0024,Chairs Item 13,Furniture,Chairs,North,Delhi,New Delhi,5,21487.17,0.05,102064.06,59088.31,42975.75,Debit Card,Corporate
ORD-100849,2024-09-08,CUST-0099,Customer 99,PRD-0054,Tables Item 18,Furniture,Tables,West,Maharashtra,Mumbai,4,30166.81,0.05,114633.88,66217.6,48416.28,Net Banking,Small Business
ORD-100850,2025-03-07,CUST-0135,Customer 135,PRD-0074,Women Item 8,Clothing,Women,Central,Madhya Pradesh,Bhopal,5,41105.93,0.1,184976.68,104830.64,80146.04,UPI,Consumer
ORD-100851,2024-04-22,CUST-0016,Customer 16,PRD-0045,Chairs Item 12,Furniture,Chairs,South,Karnataka,Bengaluru,1,18247.44,0.1,16422.7,12177.81,4244.89,Credit Card,Corporate
ORD-100852,2024-05-21,CUST-0031,Customer 31,PRD-0019,Chairs Item 13,Furniture,Chairs,Central,Madhya Pradesh,Bhopal,4,12276.37,0,49105.48,27556.68,21548.8,UPI,Small Business
ORD-100853,2025-08-31,CUST-0041,Customer 41,PRD-0004,Tables Item 5,Furniture,Tables,North,Delhi,New Delhi,1,33204.82,0,33204.82,21429.24,11775.58,Debit Card,Consumer
ORD-100854,2024-07-05,CUST-0121,Customer 121,PRD-0018,Phones Item 17,Electronics,Phones,North,Delhi,New Delhi,1,28545.32,0.1,25690.79,14899.21,10791.58,Debit Card,Corporate
ORD-100855,2024-02-02,CUST-0155,Customer 155,PRD-0023,Tables Item 17,Furniture,Tables,West,Maharashtra,Mumbai,1,14481.1,0,14481.1,8138.38,6342.72,Credit Card,Consumer
ORD-100856,2025-05-28,CUST-0079,Customer 79,PRD-0030,Tables Item 14,Furniture,Tables,West,Maharashtra,Mumbai,5,35628.06,0.05,169233.28,124188.47,45044.81,Credit Card,Corporate
ORD-100857,2024-08-12,CUST-0101,Customer 101,PRD-0024,Audio Item 18,Electronics,Audio,West,Maharashtra,Mumbai,2,37208.11,0.1,66974.6,45128.07,21846.53,Cash on Delivery,Consumer
ORD-100858,2024-06-17,CUST-0014,Customer 14,PRD-0048,Women Item 14,Clothing,Women,West,Maharashtra,Mumbai,3,32704.46,0.1,88302.04,63175.76,25126.28,Credit Card,Corporate
ORD-100859,2024-10-15,CUST-0042,Customer 42,PRD-0070,Phones Item 4,Electronics,Phones,North,Delhi,New Delhi,3,30238.87,0.05,86180.78,47882.88,38297.9,UPI,Consumer
ORD-100860,2024-03-28,CUST-0146,Customer 146,PRD-0073,Men Item 2,Clothing,Men,East,West Bengal,Kolkata,2,27674.23,0,55348.46,33102.09,22246.37,Cash on Delivery,Corporate
ORD-100861,2024-10-16,CUST-0102,Customer 102,PRD-0065,Phones Item 7,Electronics,Phones,East,West Bengal,Kolkata,1,47186.76,0,47186.76,35206.43,11980.33,Debit Card,Corporate
ORD-100862,2024-06-02,CUST-0007,Customer 7,PRD-0076,Women Item 13,Clothing,Women,South,Karnataka,Bengaluru,1,16699.65,0.15,14194.7,8093.83,6100.87,Net Banking,Small Business
ORD-100863,2024-04-05,CUST-0184,Customer 184,PRD-0030,Laptops Item 7,Electronics,Laptops,South,Karnataka,Bengaluru,2,34182.22,0,68364.44,49703.74,18660.7,Credit Card,Small Business
ORD-100864,2024-05-14,CUST-0087,Customer 87,PRD-0038,Audio Item 12,Electronics,Audio,Central,Madhya Pradesh,Bhopal,5,32639.47,0.05,155037.48,99145.85,55891.63,Cash on Delivery,Corporate
ORD-100865,2024-06-05,CUST-0146,Customer 146,PRD-0064,Audio Item 4,Electronics,Audio,West,Maharashtra,Mumbai,2,10599.27,0.15,18018.76,12097.35,5921.41,UPI,Consumer
ORD-100866,2024-06-14,CUST-0018,Customer 18,PRD-0036,Chairs Item 19,Furniture,Chairs,West,Maharashtra,Mumbai,1,22849.43,0,22849.43,16835.72,6013.71,Debit Card,Corporate
ORD-100867,2025-03-28,CUST-0167,Customer 167,PRD-0018,Phones Item 4,Electronics,Phones,South,Karnataka,Bengaluru,4,13045.62,0.1,46964.23,35021.07,11943.16,Cash on Delivery,Corporate
ORD-100868,2024-05-12,CUST-0113,Customer 113,PRD-0047,Laptops Item 17,Electronics,Laptops,East,West Bengal,Kolkata,4,20569.85,0.15,69937.49,51294.12,18643.37,Cash on Delivery,Corporate
ORD-100869,2024-02-28,CUST-0190,Customer 190,PRD-0032,Chairs Item 18,Furniture,Chairs,West,Maharashtra,Mumbai,5,22614.6,0,113073.0,76225.08,36847.92,UPI,Consumer
ORD-100870,2025-04-18,CUST-0172,Customer 172,PRD-0012,Laptops Item 12,Electronics,Laptops,West,Maharashtra,Mumbai,2,28592.66,0,57185.32,34002.98,23182.34,Net Banking,Corporate
ORD-100871,2025-02-10,CUST-0197,Customer 197,PRD-0056,Women Item 7,Clothing,Women,North,Delhi,New Delhi,1,9177.61,0,9177.61,6731.7,2445.91,Net Banking,Corporate
ORD-100872,2025-04-10,CUST-0010,Customer 10,PRD-0070,Laptops Item 5,Electronics,Laptops,East,West Bengal,Kolkata,5,24417.49,0.1,109878.71,62945.7,46933.01,Net Banking,Consumer
ORD-100873,2024-03-04,CUST-0093,Customer 93,PRD-0056,Men Item 16,Clothing,Men,East,West Bengal,Kolkata,5,1759.9,0.15,7479.57,5271.91,2207.66,Credit Card,Consumer
ORD-100874,2024-03-11,CUST-0071,Customer 71,PRD-0052,Phones Item 3,Electronics,Phones,West,Maharashtra,Mumbai,3,12753.15,0,38259.45,21682.33,16577.12,Debit Card,Small Business
ORD-100875,2024-02-25,CUST-0024,Customer 24,PRD-0055,Tables Item 11,Furniture,Tables,Central,Madhya Pradesh,Bhopal,2,33548.29,0.05,63741.75,37404.66,26337.09,Debit Card,Consumer
ORD-100876,2025-03-23,CUST-0091,Customer 91,PRD-0074,Laptops Item 13,Electronics,Laptops,West,Maharashtra,Mumbai,4,23879.87,0,95519.48,70982.24,24537.24,UPI,Small Business
ORD-100877,2024-11-20,CUST-0004,Customer 4,PRD-0020,Men Item 15,Clothing,Men,North,Delhi,New Delhi,5,30902.32,0.05,146786.02,100227.34,46558.68,Credit Card,Corporate
ORD-100878,2024-05-08,CUST-0163,Customer 163,PRD-0058,Chairs Item 19,Furniture,Chairs,West,Maharashtra,Mumbai,3,26130.45,0,78391.35,58609.11,19782.24,UPI,Consumer
ORD-100879,2024-08-09,CUST-0090,Customer 90,PRD-0027,Audio Item 7,Electronics,Audio,South,Karnataka,Bengaluru,4,34883.02,0,139532.08,93512.82,46019.26,Cash on Delivery,Consumer
ORD-100880,2024-05-07,CUST-0180,Customer 180,PRD-0064,Tables Item 15,Furniture,Tables,North,Delhi,New Delhi,3,44853.41,0.15,114376.2,81642.91,32733.29,Net Banking,Corporate
ORD-100881,2024-06-29,CUST-0118,Customer 118,PRD-0055,Tables Item 12,Furniture,Tables,Central,Madhya Pradesh,Bhopal,4,26253.86,0.05,99764.67,57132.83,42631.84,Credit Card,Small Business
ORD-100882,2025-09-27,CUST-0026,Customer 26,PRD-0012,Men Item 4,Clothing,Men,Central,Madhya Pradesh,Bhopal,4,19201.85,0.1,69126.66,46786.41,22340.25,UPI,Small Business
ORD-100883,2024-04-12,CUST-0163,Customer 163,PRD-0057,Audio Item 17,Electronics,Audio,West,Maharashtra,Mumbai,1,24920.97,0.15,21182.82,15578.82,5604.0,Cash on Delivery,Consumer
ORD-100884,2024-04-27,CUST-0051,Customer 51,PRD-0061,Women Item 4,Clothing,Women,West,Maharashtra,Mumbai,2,11299.39,0.1,20338.9,13430.13,6908.77,Debit Card,Corporate
ORD-100885,2024-09-27,CUST-0079,Customer 79,PRD-0054,Tables Item 8,Furniture,Tables,North,Delhi,New Delhi,3,39153.36,0.15,99841.07,60575.66,39265.41,UPI,Corporate
ORD-100886,2025-09-06,CUST-0082,Customer 82,PRD-0043,Phones Item 6,Electronics,Phones,North,Delhi,New Delhi,2,39567.4,0.15,67264.58,48027.37,19237.21,Cash on Delivery,Corporate
ORD-100887,2025-08-14,CUST-0110,Customer 110,PRD-0017,Audio Item 13,Electronics,Audio,West,Maharashtra,Mumbai,2,30890.14,0.1,55602.25,39795.09,15807.16,Credit Card,Corporate
ORD-100888,2025-08-13,CUST-0101,Customer 101,PRD-0034,Chairs Item 18,Furniture,Chairs,West,Maharashtra,Mumbai,2,5158.98,0,10317.96,6715.46,3602.5,Credit Card,Corporate
ORD-100889,2025-09-24,CUST-0182,Customer 182,PRD-0070,Phones Item 3,Electronics,Phones,North,Delhi,New Delhi,1,21983.57,0.15,18686.03,10849.29,7836.74,Cash on Delivery,Corporate
ORD-100890,2024-08-15,CUST-0077,Customer 77,PRD-0025,Audio Item 18,Electronics,Audio,South,Karnataka,Bengaluru,4,31796.26,0.05,120825.79,70962.32,49863.47,Credit Card,Small Business
ORD-100891,2025-08-16,CUST-0027,Customer 27,PRD-0015,Tables Item 15,Furniture,Tables,North,Delhi,New Delhi,3,4331.58,0,12994.74,8777.79,4216.95,Cash on Delivery,Consumer
ORD-100892,2025-01-05,CUST-0054,Customer 54,PRD-0051,Phones Item 4,Electronics,Phones,East,West Bengal,Kolkata,3,44751.32,0,134253.96,75917.43,58336.53,Net Banking,Consumer
ORD-100893,2024-11-17,CUST-0163,Customer 163,PRD-0058,Chairs Item 6,Furniture,Chairs,West,Maharashtra,Mumbai,1,10672.74,0.1,9605.47,6003.91,3601.56,Credit Card,Corporate
ORD-100894,2024-12-21,CUST-0124,Customer 124,PRD-0079,Phones Item 20,Electronics,Phones,Central,Madhya Pradesh,Bhopal,5,42769.48,0,213847.4,159355.48,54491.92,Cash on Delivery,Consumer
ORD-100895,2025-06-14,CUST-0132,Customer 132,PRD-0020,Audio Item 7,Electronics,Audio,East,West Bengal,Kolkata,1,9803.69,0,9803.69,6442.9,3360.79,Debit Card,Consumer
ORD-100896,2025-05-08,CUST-0052,Customer 52,PRD-0012,Phones Item 12,Electronics,Phones,East,West Bengal,Kolkata,2,11144.1,0,22288.2,13451.33,8836.87,Cash on Delivery,Small Business
ORD-100897,2024-09-13,CUST-0045,Customer 45,PRD-0026,Tables Item 9,Furniture,Tables,West,Maharashtra,Mumbai,4,25730.3,0.1,92629.08,68033.25,24595.83,Net Banking,Consumer
ORD-100898,2025-04-01,CUST-0109,Customer 109,PRD-0077,Women Item 9,Clothing,Women,South,Karnataka,Bengaluru,2,47697.35,0.1,85855.23,54663.54,31191.69,Debit Card,Small Business
ORD-100899,2024-03-06,CUST-0116,Customer 116,PRD-0022,Audio Item 2,Electronics,Audio,West,Maharashtra,Mumbai,4,10146.09,0.05,38555.14,24088.95,14466.19,Cash on Delivery,Corporate
ORD-100900,2024-01-31,CUST-0030,Customer 30,PRD-0024,Women Item 11,Clothing,Women,East,West Bengal,Kolkata,5,41368.98,0.15,175818.17,109086.5,66731.67,Net Banking,Consumer
ORD-100901,2024-11-17,CUST-0032,Customer 32,PRD-0002,Chairs Item 11,Furniture,Chairs,North,Delhi,New Delhi,2,32916.34,0.05,62541.05,36211.76,26329.29,UPI,Small Business
ORD-100902,2025-01-29,CUST-0073,Customer 73,PRD-0078,Chairs Item 7,Furniture,Chairs,West,Maharashtra,Mumbai,5,39802.92,0,199014.6,131812.97,67201.63,Cash on Delivery,Consumer
ORD-100903,2025-03-07,CUST-0175,Customer 175,PRD-0056,Audio Item 11,Electronics,Audio,East,West Bengal,Kolkata,5,47324.3,0,236621.5,157303.53,79317.97,Debit Card,Consumer
ORD-100904,2024-05-07,CUST-0116,Customer 116,PRD-0022,Phones Item 20,Electronics,Phones,West,Maharashtra,Mumbai,4,2530.23,0.05,9614.87,6098.21,3516.66,Debit Card,Small Business
ORD-100905,2025-04-17,CUST-0073,Customer 73,PRD-0017,Chairs Item 13,Furniture,Chairs,Central,Madhya Pradesh,Bhopal,1,14394.84,0.15,12235.61,9147.23,3088.38,UPI,Small Business
ORD-100906,2025-03-01,CUST-0186,Customer 186,PRD-0039,Men Item 9,Clothing,Men,East,West Bengal,Kolkata,1,3658.81,0,3658.81,2619.6,1039.21,Debit Card,Corporate
ORD-100907,2025-04-10,CUST-0127,Customer 127,PRD-0016,Chairs Item 12,Furniture,Chairs,Central,Madhya Pradesh,Bhopal,3,24792.17,0,74376.51,46757.95,27618.56,Cash on Delivery,Consumer
ORD-100908,2025-03-22,CUST-0058,Customer 58,PRD-0022,Phones Item 3,Electronics,Phones,North,Delhi,New Delhi,1,7108.97,0.05,6753.52,4877.92,1875.6,Credit Card,Small Business
ORD-100909,2024-11-07,CUST-0020,Customer 20,PRD-0034,Chairs Item 11,Furniture,Chairs,North,Delhi,New Delhi,3,44189.3,0,132567.9,75850.15,56717.75,Cash on Delivery,Corporate
ORD-100910,2024-05-31,CUST-0193,Customer 193,PRD-0075,Chairs Item 14,Furniture,Chairs,South,Karnataka,Bengaluru,5,23142.55,0,115712.75,71032.19,44680.56,Net Banking,Small Business
ORD-100911,2024-11-25,CUST-0198,Customer 198,PRD-0062,Audio Item 8,Electronics,Audio,Central,Madhya Pradesh,Bhopal,2,28978.66,0.1,52161.59,38874.46,13287.13,UPI,Corporate
ORD-100912,2024-07-29,CUST-0178,Customer 178,PRD-0010,Chairs Item 3,Furniture,Chairs,East,West Bengal,Kolkata,5,41810.0,0,209050.0,142550.39,66499.61,Net Banking,Consumer
ORD-100913,2024-12-14,CUST-0054,Customer 54,PRD-0076,Phones Item 17,Electronics,Phones,South,Karnataka,Bengaluru,4,40961.87,0,163847.48,106096.01,57751.47,Cash on Delivery,Corporate
ORD-100914,2025-01-07,CUST-0099,Customer 99,PRD-0058,Tables Item 20,Furniture,Tables,South,Karnataka,Bengaluru,5,5461.89,0,27309.45,16215.18,11094.27,Cash on Delivery,Consumer
ORD-100915,2025-08-14,CUST-0166,Customer 166,PRD-0014,Chairs Item 5,Furniture,Chairs,North,Delhi,New Delhi,3,21270.08,0.05,60619.73,44876.72,15743.01,Net Banking,Consumer
ORD-100916,2025-05-02,CUST-0170,Customer 170,PRD-0068,Men Item 15,Clothing,Men,South,Karnataka,Bengaluru,1,44726.08,0,44726.08,26985.54,17740.54,Debit Card,Corporate
ORD-100917,2025-03-17,CUST-0131,Customer 131,PRD-0043,Audio Item 2,Electronics,Audio,North,Delhi,New Delhi,3,21687.39,0,65062.17,40949.19,24112.98,Net Banking,Corporate
ORD-100918,2024-07-12,CUST-0104,Customer 104,PRD-0023,Chairs Item 20,Furniture,Chairs,North,Delhi,New Delhi,4,36653.68,0.1,131953.25,77692.27,54260.98,Debit Card,Small Business
ORD-100919,2024-04-23,CUST-0057,Customer 57,PRD-0015,Women Item 2,Clothing,Women,Central,Madhya Pradesh,Bhopal,4,5637.39,0,22549.56,15317.22,7232.34,UPI,Small Business
ORD-100920,2025-02-18,CUST-0101,Customer 101,PRD-0051,Chairs Item 4,Furniture,Chairs,North,Delhi,New Delhi,5,5231.39,0,26156.95,19003.55,7153.4,Credit Card,Small Business
ORD-100921,2024-10-21,CUST-0181,Customer 181,PRD-0077,Women Item 10,Clothing,Women,West,Maharashtra,Mumbai,2,8717.25,0,17434.5,10801.14,6633.36,UPI,Consumer
ORD-100922,2024-03-12,CUST-0043,Customer 43,PRD-0024,Audio Item 11,Electronics,Audio,Central,Madhya Pradesh,Bhopal,4,37006.72,0,148026.88,86454.58,61572.3,Net Banking,Consumer
ORD-100923,2024-03-19,CUST-0044,Customer 44,PRD-0002,Audio Item 20,Electronics,Audio,West,Maharashtra,Mumbai,4,16835.9,0,67343.6,50162.51,17181.09,Debit Card,Corporate
ORD-100924,2025-08-03,CUST-0175,Customer 175,PRD-0038,Men Item 8,Clothing,Men,West,Maharashtra,Mumbai,2,23733.9,0,47467.8,33881.82,13585.98,Cash on Delivery,Small Business
ORD-100925,2024-12-25,CUST-0140,Customer 140,PRD-0033,Phones Item 16,Electronics,Phones,North,Delhi,New Delhi,1,15369.19,0.05,14600.73,9352.11,5248.62,Debit Card,Corporate
ORD-100926,2025-09-02,CUST-0124,Customer 124,PRD-0015,Chairs Item 9,Furniture,Chairs,East,West Bengal,Kolkata,3,35565.83,0.15,90692.87,63929.88,26762.99,Cash on Delivery,Small Business
ORD-100927,2024-02-01,CUST-0063,Customer 63,PRD-0074,Men Item 14,Clothing,Men,South,Karnataka,Bengaluru,4,42842.02,0,171368.08,106494.79,64873.29,Debit Card,Consumer
ORD-100928,2025-07-11,CUST-0116,Customer 116,PRD-0068,Men Item 6,Clothing,Men,South,Karnataka,Bengaluru,4,32008.94,0.05,121633.97,88236.79,33397.18,Debit Card,Small Business
ORD-100929,2024-02-12,CUST-0149,Customer 149,PRD-0067,Tables Item 11,Furniture,Tables,West,Maharashtra,Mumbai,5,20981.26,0.05,99660.98,60979.03,38681.95,Cash on Delivery,Consumer
ORD-100930,2024-05-30,CUST-0120,Customer 120,PRD-0020,Tables Item 17,Furniture,Tables,Central,Madhya Pradesh,Bhopal,3,14562.74,0,43688.22,28387.97,15300.25,Debit Card,Small Business
ORD-100931,2024-02-11,CUST-0056,Customer 56,PRD-0037,Men Item 19,Clothing,Men,East,West Bengal,Kolkata,4,14555.35,0.05,55310.33,30593.17,24717.16,UPI,Consumer
ORD-100932,2024-05-21,CUST-0090,Customer 90,PRD-0037,Tables Item 17,Furniture,Tables,North,Delhi,New Delhi,4,17742.32,0,70969.28,39741.41,31227.87,Cash on Delivery,Consumer
ORD-100933,2024-03-23,CUST-0075,Customer 75,PRD-0029,Audio Item 2,Electronics,Audio,East,West Bengal,Kolkata,2,49796.53,0,99593.06,63382.03,36211.03,Net Banking,Corporate
ORD-100934,2024-11-05,CUST-0153,Customer 153,PRD-0040,Audio Item 6,Electronics,Audio,West,Maharashtra,Mumbai,4,20075.86,0,80303.44,58509.63,21793.81,Cash on Delivery,Corporate
ORD-100935,2025-03-02,CUST-0142,Customer 142,PRD-0026,Women Item 10,Clothing,Women,Central,Madhya Pradesh,Bhopal,2,34229.39,0,68458.78,41075.55,27383.23,Debit Card,Consumer
ORD-100936,2025-06-23,CUST-0114,Customer 114,PRD-0041,Tables Item 17,Furniture,Tables,Central,Madhya Pradesh,Bhopal,2,18923.1,0.1,34061.58,19388.14,14673.44,Debit Card,Corporate
ORD-100937,2025-07-26,CUST-0007,Customer 7,PRD-0054,Tables Item 3,Furniture,Tables,West,Maharashtra,Mumbai,4,48080.06,0.1,173088.22,96156.49,76931.73,Credit Card,Small Business
ORD-100938,2025-08-02,CUST-0076,Customer 76,PRD-0007,Chairs Item 13,Furniture,Chairs,Central,Madhya Pradesh,Bhopal,5,18780.94,0.15,79818.99,52573.09,27245.9,Credit Card,Corporate
ORD-100939,2024-10-03,CUST-0167,Customer 167,PRD-0014,Men Item 11,Clothing,Men,West,Maharashtra,Mumbai,5,23118.99,0,115594.95,65534.46,50060.49,Cash on Delivery,Consumer
ORD-100940,2024-02-24,CUST-0180,Customer 180,PRD-0027,Tables Item 17,Furniture,Tables,East,West Bengal,Kolkata,1,6247.85,0.15,5310.67,3637.19,1673.48,Credit Card,Small Business
ORD-100941,2024-11-14,CUST-0185,Customer 185,PRD-0001,Women Item 16,Clothing,Women,South,Karnataka,Bengaluru,2,44773.61,0,89547.22,54639.78,34907.44,Cash on Delivery,Small Business
ORD-100942,2024-09-10,CUST-0053,Customer 53,PRD-0014,Phones Item 16,Electronics,Phones,North,Delhi,New Delhi,1,7820.5,0,7820.5,5114.33,2706.17,UPI,Small Business
ORD-100943,2024-08-28,CUST-0140,Customer 140,PRD-0034,Tables Item 20,Furniture,Tables,North,Delhi,New Delhi,1,15136.2,0.1,13622.58,10169.79,3452.79,Net Banking,Small Business
ORD-100944,2024-09-03,CUST-0044,Customer 44,PRD-0066,Men Item 18,Clothing,Men,West,Maharashtra,Mumbai,2,31882.62,0,63765.24,36877.81,26887.43,Credit Card,Corporate
ORD-100945,2024-10-08,CUST-0101,Customer 101,PRD-0050,Tables Item 4,Furniture,Tables,East,West Bengal,Kolkata,1,47962.75,0.1,43166.47,26912.91,16253.56,Net Banking,Corporate
ORD-100946,2025-08-17,CUST-0078,Customer 78,PRD-0005,Chairs Item 20,Furniture,Chairs,North,Delhi,New Delhi,3,22962.7,0.15,58554.89,36765.79,21789.1,Net Banking,Consumer
ORD-100947,2025-05-30,CUST-0054,Customer 54,PRD-0045,Chairs Item 17,Furniture,Chairs,West,Maharashtra,Mumbai,4,13989.82,0,55959.28,34781.46,21177.82,Net Banking,Small Business
ORD-100948,2024-05-23,CUST-0072,Customer 72,PRD-0039,Phones Item 13,Electronics,Phones,South,Karnataka,Bengaluru,3,32865.48,0.15,83806.97,51780.82,32026.15,UPI,Small Business
ORD-100949,2025-06-03,CUST-0199,Customer 199,PRD-0068,Tables Item 9,Furniture,Tables,West,Maharashtra,Mumbai,5,33016.8,0.15,140321.4,97060.32,43261.08,Credit Card,Small Business
ORD-100950,2024-06-11,CUST-0060,Customer 60,PRD-0013,Tables Item 4,Furniture,Tables,Central,Madhya Pradesh,Bhopal,5,41528.34,0,207641.7,116068.77,91572.93,Net Banking,Small Business
ORD-100951,2025-01-28,CUST-0194,Customer 194,PRD-0054,Tables Item 3,Furniture,Tables,South,Karnataka,Bengaluru,2,5450.5,0,10901.0,7583.09,3317.91,UPI,Small Business
ORD-100952,2024-01-31,CUST-0045,Customer 45,PRD-0042,Chairs Item 4,Furniture,Chairs,North,Delhi,New Delhi,1,22188.12,0.05,21078.71,14150.28,6928.43,Net Banking,Corporate
ORD-100953,2024-10-19,CUST-0058,Customer 58,PRD-0026,Audio Item 6,Electronics,Audio,Central,Madhya Pradesh,Bhopal,5,10146.77,0.05,48197.16,31242.39,16954.77,Net Banking,Small Business
ORD-100954,2024-05-23,CUST-0002,Customer 2,PRD-0047,Phones Item 14,Electronics,Phones,Central,Madhya Pradesh,Bhopal,1,31529.96,0,31529.96,18625.0,12904.96,Cash on Delivery,Small Business
ORD-100955,2025-04-30,CUST-0129,Customer 129,PRD-0046,Laptops Item 12,Electronics,Laptops,South,Karnataka,Bengaluru,5,24909.54,0,124547.7,82708.89,41838.81,Cash on Delivery,Small Business
ORD-100956,2024-05-10,CUST-0133,Customer 133,PRD-0039,Phones Item 4,Electronics,Phones,West,Maharashtra,Mumbai,4,31348.44,0,125393.76,83240.2,42153.56,UPI,Corporate
ORD-100957,2024-10-23,CUST-0065,Customer 65,PRD-0050,Phones Item 12,Electronics,Phones,Central,Madhya Pradesh,Bhopal,5,16679.81,0,83399.05,59569.07,23829.98,UPI,Consumer
ORD-100958,2025-05-27,CUST-0080,Customer 80,PRD-0052,Chairs Item 20,Furniture,Chairs,Central,Madhya Pradesh,Bhopal,5,12221.64,0.15,51941.97,38248.08,13693.89,UPI,Small Business
ORD-100959,2024-02-03,CUST-0087,Customer 87,PRD-0054,Men Item 9,Clothing,Men,Central,Madhya Pradesh,Bhopal,4,46858.96,0.05,178064.05,121198.65,56865.4,Credit Card,Corporate
ORD-100960,2024-03-04,CUST-0061,Customer 61,PRD-0064,Phones Item 3,Electronics,Phones,South,Karnataka,Bengaluru,5,40874.77,0.05,194155.16,142671.98,51483.18,Cash on Delivery,Small Business
ORD-100961,2024-03-23,CUST-0142,Customer 142,PRD-0062,Men Item 5,Clothing,Men,East,West Bengal,Kolkata,1,47505.41,0.15,40379.6,28179.22,12200.38,Debit Card,Small Business
ORD-100962,2024-11-06,CUST-0059,Customer 59,PRD-0003,Phones Item 2,Electronics,Phones,North,Delhi,New Delhi,4,25478.69,0.05,96819.02,61606.24,35212.78,UPI,Consumer
ORD-100963,2024-05-08,CUST-0111,Customer 111,PRD-0055,Women Item 18,Clothing,Women,North,Delhi,New Delhi,5,24212.23,0.1,108955.04,76610.24,32344.8,Credit Card,Consumer
ORD-100964,2024-02-29,CUST-0061,Customer 61,PRD-0030,Chairs Item 3,Furniture,Chairs,Central,Madhya Pradesh,Bhopal,3,17719.1,0.05,50499.43,32183.54,18315.89,Cash on Delivery,Consumer
ORD-100965,2024-09-12,CUST-0015,Customer 15,PRD-0010,Laptops Item 2,Electronics,Laptops,Central,Madhya Pradesh,Bhopal,5,2479.83,0,12399.15,8985.06,3414.09,Credit Card,Corporate
ORD-100966,2024-05-12,CUST-0156,Customer 156,PRD-0051,Laptops Item 16,Electronics,Laptops,North,Delhi,New Delhi,3,17613.44,0,52840.32,39610.04,13230.28,UPI,Small Business
ORD-100967,2024-08-13,CUST-0114,Customer 114,PRD-0039,Phones Item 12,Electronics,Phones,East,West Bengal,Kolkata,5,10451.88,0.05,49646.43,36218.46,13427.97,Cash on Delivery,Corporate
ORD-100968,2024-02-25,CUST-0089,Customer 89,PRD-0053,Men Item 20,Clothing,Men,Central,Madhya Pradesh,Bhopal,3,16079.18,0.15,41001.91,26679.5,14322.41,Net Banking,Corporate
ORD-100969,2025-01-16,CUST-0186,Customer 186,PRD-0019,Phones Item 2,Electronics,Phones,South,Karnataka,Bengaluru,5,11680.69,0.15,49642.93,29396.26,20246.67,Credit Card,Small Business
ORD-100970,2025-08-25,CUST-0099,Customer 99,PRD-0039,Tables Item 3,Furniture,Tables,North,Delhi,New Delhi,1,25045.59,0,25045.59,15129.03,9916.56,UPI,Corporate
ORD-100971,2024-08-17,CUST-0053,Customer 53,PRD-0049,Women Item 6,Clothing,Women,West,Maharashtra,Mumbai,1,43166.09,0.1,38849.48,24817.2,14032.28,Net Banking,Small Business
ORD-100972,2025-09-15,CUST-0194,Customer 194,PRD-0044,Audio Item 9,Electronics,Audio,East,West Bengal,Kolkata,1,27169.15,0.05,25810.69,19033.96,6776.73,Cash on Delivery,Consumer
ORD-100973,2025-07-20,CUST-0100,Customer 100,PRD-0037,Laptops Item 18,Electronics,Laptops,Central,Madhya Pradesh,Bhopal,4,43313.97,0,173255.88,123267.98,49987.9,Net Banking,Corporate
ORD-100974,2024-01-16,CUST-0072,Customer 72,PRD-0036,Women Item 3,Clothing,Women,South,Karnataka,Bengaluru,4,23473.16,0,93892.64,54117.33,39775.31,Credit Card,Small Business
ORD-100975,2024-09-13,CUST-0168,Customer 168,PRD-0078,Tables Item 1,Furniture,Tables,Central,Madhya Pradesh,Bhopal,4,2122.59,0.05,8065.84,5019.69,3046.15,UPI,Corporate
ORD-100976,2025-04-22,CUST-0010,Customer 10,PRD-0046,Women Item 16,Clothing,Women,East,West Bengal,Kolkata,2,22301.67,0,44603.34,28456.12,16147.22,Cash on Delivery,Consumer
ORD-100977,2024-03-06,CUST-0113,Customer 113,PRD-0024,Chairs Item 9,Furniture,Chairs,Central,Madhya Pradesh,Bhopal,1,13966.99,0.15,11871.94,7838.92,4033.02,Debit Card,Corporate
ORD-100978,2024-08-26,CUST-0030,Customer 30,PRD-0005,Chairs Item 6,Furniture,Chairs,South,Karnataka,Bengaluru,2,7515.71,0.15,12776.71,8703.44,4073.27,Cash on Delivery,Corporate
ORD-100979,2024-09-22,CUST-0066,Customer 66,PRD-0003,Women Item 12,Clothing,Women,North,Delhi,New Delhi,5,35924.41,0,179622.05,132981.52,46640.53,Cash on Delivery,Small Business
ORD-100980,2025-06-07,CUST-0020,Customer 20,PRD-0031,Audio Item 7,Electronics,Audio,South,Karnataka,Bengaluru,3,5636.34,0.15,14372.67,9180.72,5191.95,Debit Card,Small Business
ORD-100981,2025-09-13,CUST-0093,Customer 93,PRD-0043,Tables Item 14,Furniture,Tables,North,Delhi,New Delhi,4,43817.49,0,175269.96,97264.12,78005.84,Debit Card,Corporate
ORD-100982,2024-01-27,CUST-0028,Customer 28,PRD-0078,Chairs Item 7,Furniture,Chairs,South,Karnataka,Bengaluru,3,2421.61,0,7264.83,5320.58,1944.25,Debit Card,Small Business
ORD-100983,2024-06-02,CUST-0098,Customer 98,PRD-0011,Women Item 3,Clothing,Women,South,Karnataka,Bengaluru,4,41570.19,0,166280.76,113305.68,52975.08,Credit Card,Small Business
ORD-100984,2025-09-13,CUST-0121,Customer 121,PRD-0068,Women Item 17,Clothing,Women,Central,Madhya Pradesh,Bhopal,1,42410.23,0.15,36048.7,25581.64,10467.06,Net Banking,Corporate
ORD-100985,2025-01-05,CUST-0060,Customer 60,PRD-0059,Chairs Item 11,Furniture,Chairs,Central,Madhya Pradesh,Bhopal,3,45571.26,0.05,129878.09,77746.93,52131.16,UPI,Small Business
ORD-100986,2025-01-05,CUST-0168,Customer 168,PRD-0062,Laptops Item 20,Electronics,Laptops,West,Maharashtra,Mumbai,3,4168.57,0.15,10629.85,6921.4,3708.45,Credit Card,Corporate
ORD-100987,2025-02-21,CUST-0173,Customer 173,PRD-0075,Chairs Item 5,Furniture,Chairs,Central,Madhya Pradesh,Bhopal,2,46300.7,0,92601.4,65310.81,27290.59,Cash on Delivery,Corporate
ORD-100988,2024-05-31,CUST-0148,Customer 148,PRD-0064,Tables Item 7,Furniture,Tables,East,West Bengal,Kolkata,1,4259.0,0.1,3833.1,2495.37,1337.73,Credit Card,Corporate
ORD-100989,2025-04-26,CUST-0191,Customer 191,PRD-0013,Phones Item 5,Electronics,Phones,North,Delhi,New Delhi,4,13316.13,0.15,45274.84,31342.7,13932.14,UPI,Corporate
ORD-100990,2025-03-08,CUST-0091,Customer 91,PRD-0017,Audio Item 13,Electronics,Audio,South,Karnataka,Bengaluru,1,6792.41,0.15,5773.55,4236.2,1537.35,Cash on Delivery,Consumer
ORD-100991,2025-09-23,CUST-0028,Customer 28,PRD-0006,Women Item 3,Clothing,Women,North,Delhi,New Delhi,3,44891.83,0.05,127941.72,85502.89,42438.83,Debit Card,Corporate
ORD-100992,2025-08-26,CUST-0131,Customer 131,PRD-0011,Tables Item 5,Furniture,Tables,West,Maharashtra,Mumbai,3,37931.47,0,113794.41,79279.27,34515.14,UPI,Small Business
ORD-100993,2025-08-25,CUST-0072,Customer 72,PRD-0013,Women Item 8,Clothing,Women,West,Maharashtra,Mumbai,4,16157.76,0,64631.04,42122.21,22508.83,Debit Card,Corporate
ORD-100994,2025-03-12,CUST-0074,Customer 74,PRD-0042,Chairs Item 13,Furniture,Chairs,Central,Madhya Pradesh,Bhopal,5,44885.62,0.15,190763.89,124310.45,66453.44,Debit Card,Consumer
ORD-100995,2024-11-17,CUST-0026,Customer 26,PRD-0045,Phones Item 10,Electronics,Phones,South,Karnataka,Bengaluru,4,26052.92,0.15,88579.93,64301.65,24278.28,Credit Card,Consumer
ORD-100996,2024-09-22,CUST-0156,Customer 156,PRD-0014,Tables Item 8,Furniture,Tables,West,Maharashtra,Mumbai,4,11336.94,0,45347.76,27557.64,17790.12,Debit Card,Consumer
ORD-100997,2024-02-10,CUST-0139,Customer 139,PRD-0069,Phones Item 7,Electronics,Phones,Central,Madhya Pradesh,Bhopal,5,37792.26,0,188961.3,126543.28,62418.02,UPI,Corporate
ORD-100998,2025-03-31,CUST-0134,Customer 134,PRD-0017,Laptops Item 15,Electronics,Laptops,South,Karnataka,Bengaluru,3,47101.94,0.15,120109.95,76305.91,43804.04,Debit Card,Consumer
ORD-100999,2024-10-12,CUST-0188,Customer 188,PRD-0015,Men Item 12,Clothing,Men,West,Maharashtra,Mumbai,4,24764.13,0,99056.52,71608.01,27448.51,UPI,Small Business
ORD-101000,2025-06-09,CUST-0173,Customer 173,PRD-0010,Audio Item 11,Electronics,Audio,North,Delhi,New Delhi,3,8005.01,0.05,22814.28,13807.7,9006.58,UPI,Corporate
ORD-101001,2024-02-06,CUST-0163,Customer 163,PRD-0002,Audio Item 8,Electronics,Audio,Central,Madhya Pradesh,Bhopal,3,9681.85,0.15,24688.72,16843.29,7845.43,Credit Card,Small Business
ORD-101002,2025-05-23,CUST-0073,Customer 73,PRD-0017,Chairs Item 7,Furniture,Chairs,South,Karnataka,Bengaluru,3,23611.75,0.1,63751.72,45440.55,18311.17,UPI,Small Business
ORD-101003,2024-07-01,CUST-0010,Customer 10,PRD-0054,Men Item 9,Clothing,Men,North,Delhi,New Delhi,4,3549.61,0.15,12068.67,8113.08,3955.59,Cash on Delivery,Corporate
ORD-101004,2024-08-25,CUST-0075,Customer 75,PRD-0063,Men Item 16,Clothing,Men,East,West Bengal,Kolkata,4,26616.96,0,106467.84,77250.71,29217.13,Net Banking,Small Business
ORD-101005,2025-04-02,CUST-0084,Customer 84,PRD-0032,Tables Item 14,Furniture,Tables,East,West Bengal,Kolkata,1,11102.74,0.05,10547.6,6686.32,3861.28,UPI,Consumer
ORD-101006,2025-05-10,CUST-0126,Customer 126,PRD-0077,Tables Item 14,Furniture,Tables,North,Delhi,New Delhi,3,34909.04,0,104727.12,73805.01,30922.11,Credit Card,Consumer
ORD-101007,2024-11-26,CUST-0067,Customer 67,PRD-0041,Tables Item 14,Furniture,Tables,Central,Madhya Pradesh,Bhopal,2,44512.57,0.1,80122.63,45041.79,35080.84,Net Banking,Corporate
ORD-101008,2024-02-16,CUST-0079,Customer 79,PRD-0058,Tables Item 14,Furniture,Tables,East,West Bengal,Kolkata,1,13562.2,0,13562.2,8381.01,5181.19,Credit Card,Small Business
ORD-101009,2024-05-12,CUST-0155,Customer 155,PRD-0070,Audio Item 1,Electronics,Audio,South,Karnataka,Bengaluru,1,47404.31,0.15,40293.66,27083.39,13210.27,UPI,Corporate
ORD-101010,2024-02-20,CUST-0133,Customer 133,PRD-0027,Audio Item 12,Electronics,Audio,East,West Bengal,Kolkata,3,38388.73,0.15,97891.26,55082.72,42808.54,Cash on Delivery,Consumer
ORD-101011,2024-12-05,CUST-0106,Customer 106,PRD-0028,Audio Item 18,Electronics,Audio,West,Maharashtra,Mumbai,2,14651.34,0,29302.68,21453.39,7849.29,Credit Card,Consumer
ORD-101012,2024-10-16,CUST-0078,Customer 78,PRD-0004,Phones Item 8,Electronics,Phones,Central,Madhya Pradesh,Bhopal,1,25174.67,0.1,22657.2,12653.07,10004.13,Credit Card,Consumer
ORD-101013,2024-03-19,CUST-0019,Customer 19,PRD-0065,Chairs Item 14,Furniture,Chairs,West,Maharashtra,Mumbai,4,6733.42,0.05,25587.0,18483.97,7103.03,UPI,Consumer
ORD-101014,2024-11-15,CUST-0083,Customer 83,PRD-0055,Men Item 17,Clothing,Men,North,Delhi,New Delhi,5,39672.48,0,198362.4,142085.87,56276.53,UPI,Corporate
ORD-101015,2024-10-25,CUST-0110,Customer 110,PRD-0012,Tables Item 8,Furniture,Tables,South,Karnataka,Bengaluru,1,13360.64,0.15,11356.54,7316.79,4039.75,Net Banking,Small Business
ORD-101016,2025-05-23,CUST-0187,Customer 187,PRD-0051,Tables Item 12,Furniture,Tables,East,West Bengal,Kolkata,5,25428.36,0.1,114427.62,63329.11,51098.51,Cash on Delivery,Small Business
ORD-101017,2025-04-02,CUST-0095,Customer 95,PRD-0062,Laptops Item 19,Electronics,Laptops,South,Karnataka,Bengaluru,5,48764.49,0.1,219440.2,154538.82,64901.38,UPI,Small Business
ORD-101018,2025-05-16,CUST-0152,Customer 152,PRD-0032,Tables Item 3,Furniture,Tables,South,Karnataka,Bengaluru,1,4950.37,0,4950.37,2928.32,2022.05,Credit Card,Corporate
ORD-101019,2024-09-15,CUST-0106,Customer 106,PRD-0040,Women Item 11,Clothing,Women,Central,Madhya Pradesh,Bhopal,5,38076.96,0,190384.8,133932.22,56452.58,Credit Card,Consumer
ORD-101020,2025-07-12,CUST-0128,Customer 128,PRD-0041,Tables Item 8,Furniture,Tables,North,Delhi,New Delhi,3,34581.79,0.15,88183.56,62516.78,25666.78,Debit Card,Corporate
ORD-101021,2025-03-11,CUST-0180,Customer 180,PRD-0010,Women Item 13,Clothing,Women,Central,Madhya Pradesh,Bhopal,5,42960.91,0,214804.55,157719.4,57085.15,Credit Card,Consumer
ORD-101022,2025-03-10,CUST-0127,Customer 127,PRD-0022,Audio Item 17,Electronics,Audio,North,Delhi,New Delhi,2,10028.91,0,20057.82,11188.5,8869.32,Net Banking,Consumer
ORD-101023,2024-10-04,CUST-0134,Customer 134,PRD-0042,Women Item 20,Clothing,Women,West,Maharashtra,Mumbai,1,14978.2,0.1,13480.38,10098.81,3381.57,Debit Card,Small Business
ORD-101024,2025-01-15,CUST-0133,Customer 133,PRD-0078,Men Item 9,Clothing,Men,South,Karnataka,Bengaluru,3,26257.91,0,78773.73,55973.68,22800.05,Net Banking,Corporate
ORD-101025,2025-03-02,CUST-0046,Customer 46,PRD-0020,Laptops Item 16,Electronics,Laptops,South,Karnataka,Bengaluru,2,26314.05,0.1,47365.29,26143.95,21221.34,UPI,Consumer
ORD-101026,2025-10-01,CUST-0120,Customer 120,PRD-0077,Chairs Item 6,Furniture,Chairs,South,Karnataka,Bengaluru,1,26979.03,0.05,25630.08,14582.05,11048.03,UPI,Corporate
ORD-101027,2025-03-12,CUST-0150,Customer 150,PRD-0040,Men Item 12,Clothing,Men,East,West Bengal,Kolkata,1,46408.4,0.05,44087.98,26754.24,17333.74,Cash on Delivery,Corporate
ORD-101028,2024-09-26,CUST-0145,Customer 145,PRD-0014,Chairs Item 5,Furniture,Chairs,North,Delhi,New Delhi,5,7790.61,0,38953.05,23605.44,15347.61,Cash on Delivery,Small Business
ORD-101029,2025-09-22,CUST-0172,Customer 172,PRD-0061,Women Item 7,Clothing,Women,East,West Bengal,Kolkata,5,38644.54,0.15,164239.3,110197.19,54042.11,Credit Card,Consumer
ORD-101030,2024-01-01,CUST-0083,Customer 83,PRD-0010,Phones Item 2,Electronics,Phones,North,Delhi,New Delhi,5,7495.28,0,37476.4,24175.76,13300.64,Credit Card,Small Business
ORD-101031,2025-02-06,CUST-0097,Customer 97,PRD-0050,Tables Item 16,Furniture,Tables,West,Maharashtra,Mumbai,3,15267.4,0,45802.2,27396.8,18405.4,Debit Card,Corporate
ORD-101032,2024-10-11,CUST-0183,Customer 183,PRD-0019,Women Item 14,Clothing,Women,Central,Madhya Pradesh,Bhopal,1,44187.62,0,44187.62,32746.21,11441.41,Cash on Delivery,Corporate
ORD-101033,2025-01-09,CUST-0120,Customer 120,PRD-0045,Tables Item 14,Furniture,Tables,North,Delhi,New Delhi,5,45008.15,0.05,213788.71,125195.2,88593.51,Credit Card,Small Business
ORD-101034,2025-01-04,CUST-0135,Customer 135,PRD-0025,Men Item 1,Clothing,Men,West,Maharashtra,Mumbai,3,9114.48,0,27343.44,16109.86,11233.58,Cash on Delivery,Corporate
ORD-101035,2024-02-04,CUST-0166,Customer 166,PRD-0036,Chairs Item 16,Furniture,Chairs,East,West Bengal,Kolkata,3,25239.11,0,75717.33,50833.2,24884.13,Net Banking,Consumer
ORD-101036,2025-04-27,CUST-0156,Customer 156,PRD-0059,Women Item 16,Clothing,Women,East,West Bengal,Kolkata,1,48562.81,0,48562.81,35093.29,13469.52,Credit Card,Corporate
ORD-101037,2024-06-30,CUST-0034,Customer 34,PRD-0011,Men Item 14,Clothing,Men,North,Delhi,New Delhi,3,1636.08,0,4908.24,3392.22,1516.02,UPI,Consumer
ORD-101038,2024-07-17,CUST-0168,Customer 168,PRD-0079,Chairs Item 1,Furniture,Chairs,East,West Bengal,Kolkata,1,42922.94,0.05,40776.79,30447.24,10329.55,Debit Card,Small Business
ORD-101039,2024-03-03,CUST-0017,Customer 17,PRD-0025,Chairs Item 17,Furniture,Chairs,Central,Madhya Pradesh,Bhopal,3,25913.75,0.1,69967.12,44308.48,25658.64,Credit Card,Small Business
ORD-101040,2025-06-01,CUST-0105,Customer 105,PRD-0023,Chairs Item 1,Furniture,Chairs,South,Karnataka,Bengaluru,4,2416.52,0.15,8216.17,4845.38,3370.79,Debit Card,Corporate
ORD-101041,2025-04-19,CUST-0023,Customer 23,PRD-0015,Women Item 3,Clothing,Women,North,Delhi,New Delhi,3,23419.36,0,70258.08,46597.82,23660.26,Credit Card,Small Business
ORD-101042,2024-01-11,CUST-0056,Customer 56,PRD-0048,Phones Item 15,Electronics,Phones,East,West Bengal,Kolkata,5,31405.92,0,157029.6,110445.91,46583.69,UPI,Small Business
ORD-101043,2024-07-01,CUST-0072,Customer 72,PRD-0018,Laptops Item 19,Electronics,Laptops,South,Karnataka,Bengaluru,2,15662.26,0.1,28192.07,19485.87,8706.2,Debit Card,Corporate
ORD-101044,2025-03-26,CUST-0068,Customer 68,PRD-0012,Phones Item 16,Electronics,Phones,East,West Bengal,Kolkata,2,9020.18,0.05,17138.34,10315.07,6823.27,Debit Card,Small Business
ORD-101045,2025-08-22,CUST-0099,Customer 99,PRD-0020,Tables Item 18,Furniture,Tables,Central,Madhya Pradesh,Bhopal,4,41509.1,0,166036.4,92539.76,73496.64,Cash on Delivery,Consumer
ORD-101046,2024-10-02,CUST-0024,Customer 24,PRD-0066,Women Item 7,Clothing,Women,East,West Bengal,Kolkata,3,10530.86,0.15,26853.69,17732.09,9121.6,Debit Card,Consumer
ORD-101047,2025-04-23,CUST-0151,Customer 151,PRD-0042,Tables Item 12,Furniture,Tables,North,Delhi,New Delhi,1,25948.09,0,25948.09,16737.61,9210.48,Cash on Delivery,Corporate
ORD-101048,2025-05-01,CUST-0086,Customer 86,PRD-0044,Men Item 4,Clothing,Men,East,West Bengal,Kolkata,1,31547.71,0,31547.71,18352.88,13194.83,Credit Card,Corporate
ORD-101049,2025-09-23,CUST-0117,Customer 117,PRD-0076,Chairs Item 19,Furniture,Chairs,West,Maharashtra,Mumbai,5,9470.8,0,47354.0,30202.46,17151.54,Net Banking,Small Business
ORD-101050,2025-02-14,CUST-0077,Customer 77,PRD-0006,Tables Item 8,Furniture,Tables,South,Karnataka,Bengaluru,3,36223.95,0.15,92371.07,57046.12,35324.95,Cash on Delivery,Consumer
ORD-101051,2024-06-19,CUST-0077,Customer 77,PRD-0077,Tables Item 17,Furniture,Tables,East,West Bengal,Kolkata,5,20157.36,0,100786.8,58739.07,42047.73,Credit Card,Small Business
ORD-101052,2024-05-24,CUST-0089,Customer 89,PRD-0059,Phones Item 13,Electronics,Phones,East,West Bengal,Kolkata,1,48522.19,0.05,46096.08,32662.42,13433.66,Credit Card,Corporate
ORD-101053,2024-07-08,CUST-0061,Customer 61,PRD-0027,Audio Item 14,Electronics,Audio,South,Karnataka,Bengaluru,2,44171.15,0.05,83925.18,51320.7,32604.48,UPI,Small Business
ORD-101054,2025-04-27,CUST-0141,Customer 141,PRD-0051,Phones Item 7,Electronics,Phones,Central,Madhya Pradesh,Bhopal,3,446.25,0,1338.75,828.61,510.14,Net Banking,Small Business
ORD-101055,2024-05-16,CUST-0103,Customer 103,PRD-0042,Tables Item 10,Furniture,Tables,South,Karnataka,Bengaluru,1,19501.18,0.05,18526.12,13016.62,5509.5,Net Banking,Small Business
ORD-101056,2025-09-15,CUST-0046,Customer 46,PRD-0031,Chairs Item 12,Furniture,Chairs,East,West Bengal,Kolkata,4,33559.86,0.15,114103.52,63370.73,50732.79,Debit Card,Corporate
ORD-101057,2024-05-21,CUST-0128,Customer 128,PRD-0025,Men Item 2,Clothing,Men,Central,Madhya Pradesh,Bhopal,5,37633.89,0,188169.45,127788.78,60380.67,Credit Card,Corporate
ORD-101058,2024-11-14,CUST-0100,Customer 100,PRD-0062,Chairs Item 2,Furniture,Chairs,East,West Bengal,Kolkata,4,32771.44,0.1,117977.18,68444.4,49532.78,Debit Card,Corporate
ORD-101059,2024-12-20,CUST-0176,Customer 176,PRD-0013,Phones Item 13,Electronics,Phones,West,Maharashtra,Mumbai,5,41744.78,0.1,187851.51,133608.6,54242.91,UPI,Consumer
ORD-101060,2025-02-15,CUST-0109,Customer 109,PRD-0007,Chairs Item 10,Furniture,Chairs,Central,Madhya Pradesh,Bhopal,5,19322.72,0.1,86952.24,48025.26,38926.98,Net Banking,Corporate
ORD-101061,2025-07-01,CUST-0094,Customer 94,PRD-0015,Men Item 6,Clothing,Men,Central,Madhya Pradesh,Bhopal,4,25202.67,0.1,90729.61,62821.61,27908.0,Net Banking,Small Business
ORD-101062,2025-06-11,CUST-0158,Customer 158,PRD-0059,Chairs Item 14,Furniture,Chairs,South,Karnataka,Bengaluru,1,16988.36,0.15,14440.11,8686.7,5753.41,UPI,Corporate
ORD-101063,2025-01-13,CUST-0065,Customer 65,PRD-0055,Chairs Item 11,Furniture,Chairs,North,Delhi,New Delhi,4,23120.49,0,92481.96,67311.44,25170.52,Debit Card,Consumer
ORD-101064,2024-10-31,CUST-0163,Customer 163,PRD-0005,Women Item 20,Clothing,Women,South,Karnataka,Bengaluru,3,17972.89,0,53918.67,34473.12,19445.55,UPI,Corporate
ORD-101065,2024-05-09,CUST-0187,Customer 187,PRD-0019,Men Item 16,Clothing,Men,Central,Madhya Pradesh,Bhopal,4,12581.61,0,50326.44,33064.32,17262.12,Net Banking,Corporate
ORD-101066,2024-02-11,CUST-0020,Customer 20,PRD-0042,Tables Item 12,Furniture,Tables,Central,Madhya Pradesh,Bhopal,2,45955.0,0.15,78123.5,51859.45,26264.05,UPI,Consumer
ORD-101067,2024-11-05,CUST-0109,Customer 109,PRD-0052,Men Item 1,Clothing,Men,West,Maharashtra,Mumbai,5,49017.27,0,245086.35,151354.19,93732.16,Credit Card,Small Business
ORD-101068,2024-11-06,CUST-0158,Customer 158,PRD-0066,Chairs Item 18,Furniture,Chairs,West,Maharashtra,Mumbai,1,39723.51,0.15,33764.98,20333.11,13431.87,Credit Card,Small Business
ORD-101069,2024-07-09,CUST-0071,Customer 71,PRD-0065,Laptops Item 2,Electronics,Laptops,Central,Madhya Pradesh,Bhopal,4,10917.42,0.1,39302.71,23776.46,15526.25,Cash on Delivery,Corporate
ORD-101070,2025-02-28,CUST-0169,Customer 169,PRD-0017,Audio Item 9,Electronics,Audio,East,West Bengal,Kolkata,3,451.54,0,1354.62,750.11,604.51,Debit Card,Corporate
ORD-101071,2025-09-18,CUST-0074,Customer 74,PRD-0078,Women Item 15,Clothing,Women,North,Delhi,New Delhi,2,11396.27,0.05,21652.91,12866.41,8786.5,Cash on Delivery,Corporate
ORD-101072,2024-12-14,CUST-0082,Customer 82,PRD-0045,Women Item 15,Clothing,Women,Central,Madhya Pradesh,Bhopal,4,23885.02,0.15,81209.07,44869.1,36339.97,Credit Card,Corporate
ORD-101073,2024-02-03,CUST-0170,Customer 170,PRD-0074,Women Item 3,Clothing,Women,South,Karnataka,Bengaluru,5,34946.72,0.1,157260.24,94535.19,62725.05,Net Banking,Small Business
ORD-101074,2025-04-07,CUST-0173,Customer 173,PRD-0060,Chairs Item 1,Furniture,Chairs,South,Karnataka,Bengaluru,5,18585.73,0.05,88282.22,61812.69,26469.53,Credit Card,Small Business
ORD-101075,2024-01-24,CUST-0193,Customer 193,PRD-0037,Men Item 18,Clothing,Men,Central,Madhya Pradesh,Bhopal,3,28331.64,0.1,76495.43,57307.71,19187.72,Net Banking,Consumer
ORD-101076,2024-08-11,CUST-0055,Customer 55,PRD-0015,Chairs Item 19,Furniture,Chairs,West,Maharashtra,Mumbai,5,47451.19,0,237255.95,135092.58,102163.37,Debit Card,Consumer
ORD-101077,2025-09-05,CUST-0072,Customer 72,PRD-0041,Audio Item 12,Electronics,Audio,West,Maharashtra,Mumbai,5,20544.11,0,102720.55,65087.44,37633.11,UPI,Small Business
ORD-101078,2025-05-21,CUST-0194,Customer 194,PRD-0060,Women Item 10,Clothing,Women,Central,Madhya Pradesh,Bhopal,5,26718.92,0,133594.6,96430.09,37164.51,Net Banking,Consumer
ORD-101079,2024-06-25,CUST-0175,Customer 175,PRD-0013,Laptops Item 13,Electronics,Laptops,East,West Bengal,Kolkata,1,26726.75,0.05,25390.41,17838.97,7551.44,Cash on Delivery,Small Business
ORD-101080,2025-09-16,CUST-0159,Customer 159,PRD-0065,Tables Item 3,Furniture,Tables,West,Maharashtra,Mumbai,2,31893.56,0.15,54219.05,32251.58,21967.47,Cash on Delivery,Small Business
ORD-101081,2025-04-28,CUST-0176,Customer 176,PRD-0012,Women Item 12,Clothing,Women,North,Delhi,New Delhi,3,30568.66,0,91705.98,60880.04,30825.94,UPI,Small Business
ORD-101082,2024-09-02,CUST-0045,Customer 45,PRD-0061,Women Item 7,Clothing,Women,Central,Madhya Pradesh,Bhopal,5,43199.23,0,215996.15,138573.15,77423.0,Debit Card,Consumer
ORD-101083,2025-09-09,CUST-0114,Customer 114,PRD-0031,Chairs Item 6,Furniture,Chairs,North,Delhi,New Delhi,2,28964.59,0.1,52136.26,31230.11,20906.15,Net Banking,Small Business
ORD-101084,2024-03-12,CUST-0002,Customer 2,PRD-0005,Men Item 14,Clothing,Men,Central,Madhya Pradesh,Bhopal,3,43629.86,0,130889.58,78399.28,52490.3,Cash on Delivery,Corporate
ORD-101085,2025-09-13,CUST-0166,Customer 166,PRD-0069,Chairs Item 1,Furniture,Chairs,West,Maharashtra,Mumbai,3,44191.18,0.15,112687.51,64704.76,47982.75,Net Banking,Corporate
ORD-101086,2025-06-07,CUST-0162,Customer 162,PRD-0057,Men Item 14,Clothing,Men,East,West Bengal,Kolkata,4,41449.73,0,165798.92,103238.79,62560.13,UPI,Consumer
ORD-101087,2024-12-13,CUST-0037,Customer 37,PRD-0032,Laptops Item 16,Electronics,Laptops,Central,Madhya Pradesh,Bhopal,1,36155.31,0.05,34347.54,21727.52,12620.02,Credit Card,Corporate
ORD-101088,2024-09-23,CUST-0088,Customer 88,PRD-0038,Laptops Item 15,Electronics,Laptops,North,Delhi,New Delhi,4,44979.93,0.1,161927.75,113430.47,48497.28,Debit Card,Corporate
ORD-101089,2024-10-22,CUST-0007,Customer 7,PRD-0029,Women Item 12,Clothing,Women,Central,Madhya Pradesh,Bhopal,3,29802.52,0,89407.56,51821.05,37586.51,Cash on Delivery,Corporate
ORD-101090,2025-03-26,CUST-0173,Customer 173,PRD-0038,Women Item 5,Clothing,Women,East,West Bengal,Kolkata,2,28468.47,0.05,54090.09,34891.19,19198.9,Credit Card,Consumer
ORD-101091,2025-08-20,CUST-0078,Customer 78,PRD-0019,Women Item 19,Clothing,Women,West,Maharashtra,Mumbai,3,31910.76,0,95732.28,68944.84,26787.44,UPI,Corporate
ORD-101092,2025-08-24,CUST-0129,Customer 129,PRD-0041,Tables Item 17,Furniture,Tables,West,Maharashtra,Mumbai,5,45020.2,0.05,213845.95,145152.28,68693.67,Debit Card,Corporate
ORD-101093,2024-03-07,CUST-0088,Customer 88,PRD-0029,Chairs Item 10,Furniture,Chairs,Central,Madhya Pradesh,Bhopal,4,8934.29,0.1,32163.44,17781.45,14381.99,Credit Card,Consumer
ORD-101094,2025-08-06,CUST-0164,Customer 164,PRD-0002,Laptops Item 17,Electronics,Laptops,Central,Madhya Pradesh,Bhopal,1,32569.83,0.05,30941.34,20104.38,10836.96,Credit Card,Small Business
ORD-101095,2024-10-04,CUST-0142,Customer 142,PRD-0069,Laptops Item 18,Electronics,Laptops,North,Delhi,New Delhi,4,31394.82,0.05,119300.32,77722.17,41578.15,UPI,Consumer
ORD-101096,2024-09-07,CUST-0059,Customer 59,PRD-0059,Chairs Item 6,Furniture,Chairs,South,Karnataka,Bengaluru,3,39904.04,0,119712.12,82354.73,37357.39,UPI,Small Business
ORD-101097,2024-05-15,CUST-0134,Customer 134,PRD-0039,Tables Item 2,Furniture,Tables,North,Delhi,New Delhi,2,36720.2,0,73440.4,53701.69,19738.71,Credit Card,Consumer
ORD-101098,2024-02-22,CUST-0082,Customer 82,PRD-0010,Audio Item 7,Electronics,Audio,Central,Madhya Pradesh,Bhopal,4,23320.71,0.15,79290.41,57590.86,21699.55,Net Banking,Consumer
ORD-101099,2025-05-13,CUST-0077,Customer 77,PRD-0073,Chairs Item 1,Furniture,Chairs,West,Maharashtra,Mumbai,2,5173.82,0.15,8795.49,5215.71,3579.78,Cash on Delivery,Corporate
ORD-101100,2024-01-01,CUST-0065,Customer 65,PRD-0053,Audio Item 20,Electronics,Audio,West,Maharashtra,Mumbai,2,29529.09,0.15,50199.45,35195.27,15004.18,Debit Card,Corporate
ORD-101101,2024-11-02,CUST-0068,Customer 68,PRD-0069,Men Item 8,Clothing,Men,East,West Bengal,Kolkata,5,24267.33,0.05,115269.82,85332.77,29937.05,Debit Card,Corporate
ORD-101102,2024-11-22,CUST-0131,Customer 131,PRD-0061,Women Item 16,Clothing,Women,West,Maharashtra,Mumbai,1,48866.0,0,48866.0,31641.52,17224.48,Credit Card,Consumer
ORD-101103,2025-07-05,CUST-0047,Customer 47,PRD-0025,Laptops Item 4,Electronics,Laptops,East,West Bengal,Kolkata,1,46279.71,0.1,41651.74,25761.03,15890.71,Credit Card,Consumer
ORD-101104,2024-08-03,CUST-0147,Customer 147,PRD-0020,Tables Item 11,Furniture,Tables,East,West Bengal,Kolkata,5,23699.41,0.05,112572.2,82798.01,29774.19,Credit Card,Consumer
ORD-101105,2025-04-30,CUST-0168,Customer 168,PRD-0077,Chairs Item 14,Furniture,Chairs,South,Karnataka,Bengaluru,5,33197.02,0.05,157685.84,116899.04,40786.8,Debit Card,Consumer
ORD-101106,2024-11-18,CUST-0116,Customer 116,PRD-0040,Tables Item 14,Furniture,Tables,East,West Bengal,Kolkata,3,7420.33,0.05,21147.94,14705.05,6442.89,Cash on Delivery,Corporate
ORD-101107,2024-05-23,CUST-0117,Customer 117,PRD-0036,Chairs Item 1,Furniture,Chairs,West,Maharashtra,Mumbai,1,48440.26,0.05,46018.25,31253.69,14764.56,Credit Card,Consumer
ORD-101108,2024-11-29,CUST-0143,Customer 143,PRD-0072,Women Item 7,Clothing,Women,East,West Bengal,Kolkata,3,1379.21,0.1,3723.87,2637.19,1086.68,Credit Card,Small Business
ORD-101109,2025-05-06,CUST-0185,Customer 185,PRD-0076,Women Item 16,Clothing,Women,East,West Bengal,Kolkata,1,3906.46,0,3906.46,2402.85,1503.61,UPI,Small Business
ORD-101110,2024-04-13,CUST-0015,Customer 15,PRD-0044,Tables Item 9,Furniture,Tables,South,Karnataka,Bengaluru,3,49349.07,0.15,125840.13,78650.56,47189.57,Cash on Delivery,Corporate
ORD-101111,2025-02-27,CUST-0039,Customer 39,PRD-0020,Tables Item 19,Furniture,Tables,North,Delhi,New Delhi,4,6887.38,0,27549.52,16940.45,10609.07,Debit Card,Small Business
ORD-101112,2024-09-23,CUST-0143,Customer 143,PRD-0068,Audio Item 10,Electronics,Audio,North,Delhi,New Delhi,4,12412.29,0.15,42201.79,27824.36,14377.43,UPI,Consumer
ORD-101113,2024-08-07,CUST-0048,Customer 48,PRD-0042,Audio Item 15,Electronics,Audio,East,West Bengal,Kolkata,3,45274.15,0.1,122240.21,85501.48,36738.73,Credit Card,Corporate
ORD-101114,2025-02-24,CUST-0110,Customer 110,PRD-0051,Tables Item 16,Furniture,Tables,South,Karnataka,Bengaluru,3,12916.82,0,38750.46,22399.86,16350.6,UPI,Small Business
ORD-101115,2024-11-30,CUST-0138,Customer 138,PRD-0063,Audio Item 10,Electronics,Audio,East,West Bengal,Kolkata,1,28372.59,0,28372.59,21051.26,7321.33,Cash on Delivery,Corporate
ORD-101116,2025-06-28,CUST-0041,Customer 41,PRD-0066,Men Item 3,Clothing,Men,North,Delhi,New Delhi,5,4788.75,0.15,20352.19,14371.04,5981.15,Cash on Delivery,Corporate
ORD-101117,2024-06-04,CUST-0167,Customer 167,PRD-0043,Men Item 3,Clothing,Men,North,Delhi,New Delhi,4,40924.24,0.1,147327.26,94327.42,52999.84,Credit Card,Small Business
ORD-101118,2025-02-15,CUST-0148,Customer 148,PRD-0038,Women Item 1,Clothing,Women,West,Maharashtra,Mumbai,5,39099.42,0.1,175947.39,128068.48,47878.91,Cash on Delivery,Corporate
ORD-101119,2025-08-21,CUST-0173,Customer 173,PRD-0042,Phones Item 18,Electronics,Phones,South,Karnataka,Bengaluru,3,21472.05,0.05,61195.34,44128.87,17066.47,Net Banking,Small Business
ORD-101120,2024-05-31,CUST-0053,Customer 53,PRD-0040,Men Item 6,Clothing,Men,Central,Madhya Pradesh,Bhopal,3,44683.53,0.15,113943.0,66146.3,47796.7,UPI,Consumer
ORD-101121,2024-11-18,CUST-0059,Customer 59,PRD-0027,Men Item 7,Clothing,Men,South,Karnataka,Bengaluru,5,17556.28,0,87781.4,54028.77,33752.63,Debit Card,Consumer
ORD-101122,2025-03-26,CUST-0032,Customer 32,PRD-0049,Tables Item 1,Furniture,Tables,South,Karnataka,Bengaluru,2,38662.8,0,77325.6,44652.63,32672.97,Net Banking,Small Business
ORD-101123,2025-01-24,CUST-0152,Customer 152,PRD-0016,Men Item 3,Clothing,Men,West,Maharashtra,Mumbai,1,22451.26,0.1,20206.13,11916.11,8290.02,Credit Card,Small Business
ORD-101124,2025-01-01,CUST-0192,Customer 192,PRD-0041,Men Item 14,Clothing,Men,South,Karnataka,Bengaluru,2,6193.84,0.1,11148.91,7783.37,3365.54,Credit Card,Consumer
ORD-101125,2024-01-17,CUST-0002,Customer 2,PRD-0049,Audio Item 14,Electronics,Audio,East,West Bengal,Kolkata,4,12913.17,0,51652.68,38170.26,13482.42,Net Banking,Consumer
ORD-101126,2024-03-27,CUST-0167,Customer 167,PRD-0050,Tables Item 16,Furniture,Tables,East,West Bengal,Kolkata,1,21820.61,0.05,20729.58,12352.17,8377.41,UPI,Corporate
ORD-101127,2024-05-11,CUST-0133,Customer 133,PRD-0020,Women Item 5,Clothing,Women,North,Delhi,New Delhi,2,42401.26,0,84802.52,56216.93,28585.59,Net Banking,Consumer
ORD-101128,2025-03-05,CUST-0045,Customer 45,PRD-0023,Audio Item 17,Electronics,Audio,South,Karnataka,Bengaluru,3,18710.86,0.1,50519.32,36103.64,14415.68,Credit Card,Small Business
ORD-101129,2024-11-09,CUST-0104,Customer 104,PRD-0048,Men Item 9,Clothing,Men,East,West Bengal,Kolkata,1,39370.53,0,39370.53,25571.6,13798.93,Cash on Delivery,Corporate
ORD-101130,2024-05-27,CUST-0105,Customer 105,PRD-0006,Phones Item 18,Electronics,Phones,East,West Bengal,Kolkata,1,44463.26,0,44463.26,30990.46,13472.8,Net Banking,Small Business
ORD-101131,2024-03-08,CUST-0029,Customer 29,PRD-0061,Men Item 15,Clothing,Men,South,Karnataka,Bengaluru,1,943.94,0,943.94,536.56,407.38,Net Banking,Small Business
ORD-101132,2024-09-20,CUST-0033,Customer 33,PRD-0042,Chairs Item 18,Furniture,Chairs,Central,Madhya Pradesh,Bhopal,1,15709.26,0.1,14138.33,10319.71,3818.62,Debit Card,Small Business
ORD-101133,2024-08-12,CUST-0132,Customer 132,PRD-0017,Men Item 5,Clothing,Men,West,Maharashtra,Mumbai,4,37486.2,0.15,127453.08,75102.67,52350.41,Credit Card,Small Business
ORD-101134,2024-08-19,CUST-0065,Customer 65,PRD-0024,Audio Item 10,Electronics,Audio,North,Delhi,New Delhi,4,14258.53,0.15,48479.0,27683.72,20795.28,Debit Card,Small Business
ORD-101135,2024-02-05,CUST-0192,Customer 192,PRD-0050,Tables Item 2,Furniture,Tables,South,Karnataka,Bengaluru,3,21216.64,0,63649.92,42382.81,21267.11,Credit Card,Consumer
ORD-101136,2025-05-07,CUST-0124,Customer 124,PRD-0045,Phones Item 7,Electronics,Phones,North,Delhi,New Delhi,2,8261.88,0.05,15697.57,8670.44,7027.13,Cash on Delivery,Corporate
ORD-101137,2024-10-13,CUST-0168,Customer 168,PRD-0066,Chairs Item 11,Furniture,Chairs,West,Maharashtra,Mumbai,5,13287.67,0.1,59794.52,34295.97,25498.55,Debit Card,Consumer
ORD-101138,2024-12-16,CUST-0196,Customer 196,PRD-0067,Tables Item 9,Furniture,Tables,West,Maharashtra,Mumbai,5,22924.54,0,114622.7,78356.37,36266.33,UPI,Corporate
ORD-101139,2024-05-03,CUST-0141,Customer 141,PRD-0038,Chairs Item 5,Furniture,Chairs,Central,Madhya Pradesh,Bhopal,2,4910.26,0.1,8838.47,6328.48,2509.99,Debit Card,Corporate
ORD-101140,2025-06-07,CUST-0050,Customer 50,PRD-0019,Tables Item 8,Furniture,Tables,Central,Madhya Pradesh,Bhopal,1,48321.37,0.15,41073.16,24090.33,16982.83,UPI,Consumer
ORD-101141,2025-06-21,CUST-0013,Customer 13,PRD-0069,Women Item 12,Clothing,Women,Central,Madhya Pradesh,Bhopal,5,39040.9,0.15,165923.82,119794.55,46129.27,Cash on Delivery,Consumer
ORD-101142,2025-09-25,CUST-0058,Customer 58,PRD-0020,Men Item 18,Clothing,Men,East,West Bengal,Kolkata,2,5186.88,0,10373.76,7022.84,3350.92,Cash on Delivery,Corporate
ORD-101143,2025-05-02,CUST-0120,Customer 120,PRD-0042,Laptops Item 5,Electronics,Laptops,North,Delhi,New Delhi,4,14965.52,0.15,50882.77,37877.22,13005.55,Debit Card,Consumer
ORD-101144,2024-03-09,CUST-0016,Customer 16,PRD-0053,Laptops Item 5,Electronics,Laptops,Central,Madhya Pradesh,Bhopal,3,10595.99,0.15,27019.77,18070.74,8949.03,Credit Card,Corporate
ORD-101145,2024-09-11,CUST-0090,Customer 90,PRD-0010,Phones Item 8,Electronics,Phones,West,Maharashtra,Mumbai,2,32375.01,0.1,58275.02,38944.22,19330.8,Debit Card,Consumer
ORD-101146,2024-12-01,CUST-0003,Customer 3,PRD-0016,Chairs Item 17,Furniture,Chairs,Central,Madhya Pradesh,Bhopal,2,10450.39,0,20900.78,14305.49,6595.29,Debit Card,Small Business
ORD-101147,2024-05-07,CUST-0139,Customer 139,PRD-0079,Audio Item 15,Electronics,Audio,Central,Madhya Pradesh,Bhopal,4,11762.62,0.1,42345.43,25820.74,16524.69,Credit Card,Consumer
ORD-101148,2025-04-22,CUST-0110,Customer 110,PRD-0075,Women Item 6,Clothing,Women,East,West Bengal,Kolkata,1,19198.79,0.05,18238.85,10442.97,7795.88,Net Banking,Corporate
ORD-101149,2025-01-06,CUST-0062,Customer 62,PRD-0064,Audio Item 14,Electronics,Audio,North,Delhi,New Delhi,1,49880.74,0.15,42398.63,31457.53,10941.1,Net Banking,Consumer
ORD-101150,2024-09-14,CUST-0092,Customer 92,PRD-0011,Men Item 1,Clothing,Men,East,West Bengal,Kolkata,3,45255.62,0.15,115401.83,71060.52,44341.31,UPI,Small Business
ORD-101151,2024-04-16,CUST-0200,Customer 200,PRD-0063,Chairs Item 18,Furniture,Chairs,Central,Madhya Pradesh,Bhopal,4,11225.13,0.1,40410.47,27605.43,12805.04,Cash on Delivery,Small Business
ORD-101152,2024-04-30,CUST-0196,Customer 196,PRD-0031,Tables Item 12,Furniture,Tables,North,Delhi,New Delhi,5,5568.32,0,27841.6,18518.15,9323.45,Cash on Delivery,Small Business
ORD-101153,2025-08-10,CUST-0134,Customer 134,PRD-0005,Women Item 13,Clothing,Women,West,Maharashtra,Mumbai,1,17495.76,0.1,15746.18,11344.28,4401.9,Net Banking,Small Business
ORD-101154,2025-02-26,CUST-0008,Customer 8,PRD-0059,Phones Item 9,Electronics,Phones,Central,Madhya Pradesh,Bhopal,2,1402.39,0.05,2664.54,1518.15,1146.39,Debit Card,Small Business
ORD-101155,2024-09-26,CUST-0197,Customer 197,PRD-0021,Tables Item 7,Furniture,Tables,South,Karnataka,Bengaluru,3,22411.15,0,67233.45,41342.02,25891.43,Cash on Delivery,Small Business
ORD-101156,2024-04-01,CUST-0086,Customer 86,PRD-0046,Women Item 20,Clothing,Women,West,Maharashtra,Mumbai,3,39092.22,0,117276.66,84315.35,32961.31,Cash on Delivery,Small Business
ORD-101157,2024-11-16,CUST-0160,Customer 160,PRD-0064,Laptops Item 6,Electronics,Laptops,East,West Bengal,Kolkata,1,45725.73,0,45725.73,30997.03,14728.7,Net Banking,Consumer
ORD-101158,2024-06-21,CUST-0083,Customer 83,PRD-0003,Tables Item 4,Furniture,Tables,East,West Bengal,Kolkata,3,40333.7,0.05,114951.04,80575.41,34375.63,Credit Card,Small Business
ORD-101159,2024-07-22,CUST-0024,Customer 24,PRD-0012,Tables Item 20,Furniture,Tables,Central,Madhya Pradesh,Bhopal,5,9059.82,0.15,38504.24,26534.32,11969.92,Net Banking,Corporate
ORD-101160,2024-04-16,CUST-0189,Customer 189,PRD-0038,Audio Item 20,Electronics,Audio,East,West Bengal,Kolkata,5,17819.22,0,89096.1,65418.96,23677.14,Cash on Delivery,Consumer
ORD-101161,2024-10-07,CUST-0007,Customer 7,PRD-0064,Chairs Item 8,Furniture,Chairs,West,Maharashtra,Mumbai,1,12446.0,0,12446.0,8506.89,3939.11,Credit Card,Consumer
ORD-101162,2025-09-18,CUST-0124,Customer 124,PRD-0057,Laptops Item 14,Electronics,Laptops,South,Karnataka,Bengaluru,2,818.43,0,1636.86,1216.05,420.81,Cash on Delivery,Small Business
ORD-101163,2025-08-12,CUST-0100,Customer 100,PRD-0034,Men Item 12,Clothing,Men,West,Maharashtra,Mumbai,2,42425.66,0.15,72123.62,45432.35,26691.27,Debit Card,Corporate
ORD-101164,2024-05-17,CUST-0083,Customer 83,PRD-0032,Tables Item 18,Furniture,Tables,South,Karnataka,Bengaluru,3,27110.38,0,81331.14,60316.66,21014.48,Cash on Delivery,Consumer
ORD-101165,2024-12-22,CUST-0184,Customer 184,PRD-0071,Audio Item 8,Electronics,Audio,West,Maharashtra,Mumbai,5,15811.54,0.15,67199.05,40021.39,27177.66,Net Banking,Corporate
ORD-101166,2024-06-24,CUST-0006,Customer 6,PRD-0072,Men Item 15,Clothing,Men,West,Maharashtra,Mumbai,5,22005.97,0.15,93525.37,59597.81,33927.56,Cash on Delivery,Small Business
ORD-101167,2024-10-09,CUST-0146,Customer 146,PRD-0033,Laptops Item 1,Electronics,Laptops,West,Maharashtra,Mumbai,2,3376.09,0.05,6414.57,3611.93,2802.64,Cash on Delivery,Corporate
ORD-101168,2024-11-07,CUST-0085,Customer 85,PRD-0030,Chairs Item 19,Furniture,Chairs,West,Maharashtra,Mumbai,2,33157.68,0.05,62999.59,41433.52,21566.07,Cash on Delivery,Corporate
ORD-101169,2025-01-01,CUST-0151,Customer 151,PRD-0016,Audio Item 3,Electronics,Audio,Central,Madhya Pradesh,Bhopal,3,43164.16,0.15,110068.61,61703.82,48364.79,Cash on Delivery,Consumer
ORD-101170,2024-07-02,CUST-0047,Customer 47,PRD-0004,Women Item 16,Clothing,Women,South,Karnataka,Bengaluru,2,12590.22,0.15,21403.37,15083.96,6319.41,UPI,Corporate
ORD-101171,2025-01-25,CUST-0179,Customer 179,PRD-0061,Phones Item 5,Electronics,Phones,West,Maharashtra,Mumbai,5,35106.24,0.1,157978.08,112319.7,45658.38,Debit Card,Consumer
ORD-101172,2024-07-07,CUST-0067,Customer 67,PRD-0052,Laptops Item 7,Electronics,Laptops,East,West Bengal,Kolkata,2,35421.69,0.05,67301.21,43741.5,23559.71,Credit Card,Corporate
ORD-101173,2025-09-12,CUST-0016,Customer 16,PRD-0072,Men Item 2,Clothing,Men,East,West Bengal,Kolkata,4,37640.41,0.15,127977.39,76985.26,50992.13,Debit Card,Consumer
ORD-101174,2025-08-04,CUST-0145,Customer 145,PRD-0048,Phones Item 3,Electronics,Phones,Central,Madhya Pradesh,Bhopal,1,432.12,0.1,388.91,237.72,151.19,Credit Card,Consumer
ORD-101175,2024-06-07,CUST-0154,Customer 154,PRD-0048,Women Item 19,Clothing,Women,South,Karnataka,Bengaluru,5,11075.02,0.05,52606.35,29953.7,22652.65,Credit Card,Corporate
ORD-101176,2024-02-09,CUST-0138,Customer 138,PRD-0016,Men Item 10,Clothing,Men,Central,Madhya Pradesh,Bhopal,2,40755.2,0.1,73359.36,40792.82,32566.54,Debit Card,Consumer
ORD-101177,2025-09-09,CUST-0040,Customer 40,PRD-0079,Chairs Item 11,Furniture,Chairs,Central,Madhya Pradesh,Bhopal,5,8535.79,0,42678.95,27721.27,14957.68,Net Banking,Small Business
ORD-101178,2025-01-09,CUST-0037,Customer 37,PRD-0031,Women Item 16,Clothing,Women,West,Maharashtra,Mumbai,1,33501.51,0,33501.51,20692.84,12808.67,Credit Card,Corporate
ORD-101179,2025-06-16,CUST-0024,Customer 24,PRD-0042,Laptops Item 17,Electronics,Laptops,North,Delhi,New Delhi,4,40583.19,0.15,137982.85,78616.57,59366.28,Cash on Delivery,Small Business
ORD-101180,2024-07-21,CUST-0075,Customer 75,PRD-0055,Women Item 13,Clothing,Women,Central,Madhya Pradesh,Bhopal,2,14271.57,0,28543.14,18255.65,10287.49,Net Banking,Corporate
ORD-101181,2025-02-02,CUST-0079,Customer 79,PRD-0064,Laptops Item 10,Electronics,Laptops,North,Delhi,New Delhi,4,5395.06,0.15,18343.2,11864.77,6478.43,UPI,Small Business
ORD-101182,2024-11-17,CUST-0190,Customer 190,PRD-0007,Phones Item 18,Electronics,Phones,North,Delhi,New Delhi,3,44626.21,0.15,113796.84,74941.75,38855.09,UPI,Consumer
ORD-101183,2025-03-20,CUST-0190,Customer 190,PRD-0066,Tables Item 17,Furniture,Tables,South,Karnataka,Bengaluru,3,48216.52,0,144649.56,103388.16,41261.4,Credit Card,Small Business
ORD-101184,2024-11-23,CUST-0019,Customer 19,PRD-0027,Chairs Item 16,Furniture,Chairs,South,Karnataka,Bengaluru,1,22970.24,0,22970.24,16733.16,6237.08,Credit Card,Small Business
ORD-101185,2024-01-05,CUST-0062,Customer 62,PRD-0043,Men Item 6,Clothing,Men,North,Delhi,New Delhi,4,10460.29,0,41841.16,30747.5,11093.66,Net Banking,Consumer
ORD-101186,2024-09-21,CUST-0109,Customer 109,PRD-0074,Tables Item 10,Furniture,Tables,North,Delhi,New Delhi,2,7255.14,0,14510.28,9785.05,4725.23,Credit Card,Small Business
ORD-101187,2024-07-13,CUST-0200,Customer 200,PRD-0063,Women Item 9,Clothing,Women,West,Maharashtra,Mumbai,1,20911.19,0.1,18820.07,11770.57,7049.5,Cash on Delivery,Consumer
ORD-101188,2024-04-27,CUST-0030,Customer 30,PRD-0021,Women Item 16,Clothing,Women,North,Delhi,New Delhi,4,6618.63,0,26474.52,14934.41,11540.11,UPI,Consumer
ORD-101189,2024-10-20,CUST-0073,Customer 73,PRD-0073,Women Item 9,Clothing,Women,South,Karnataka,Bengaluru,3,47774.8,0.1,128991.96,78293.14,50698.82,UPI,Consumer
ORD-101190,2024-02-06,CUST-0121,Customer 121,PRD-0062,Chairs Item 4,Furniture,Chairs,North,Delhi,New Delhi,5,42353.42,0,211767.1,121855.66,89911.44,UPI,Consumer
ORD-101191,2025-09-22,CUST-0095,Customer 95,PRD-0057,Laptops Item 5,Electronics,Laptops,South,Karnataka,Bengaluru,1,38174.56,0,38174.56,22841.76,15332.8,Net Banking,Small Business
ORD-101192,2024-01-15,CUST-0040,Customer 40,PRD-0044,Audio Item 9,Electronics,Audio,Central,Madhya Pradesh,Bhopal,2,38473.75,0.05,73100.12,40844.81,32255.31,Credit Card,Corporate
ORD-101193,2024-08-18,CUST-0048,Customer 48,PRD-0025,Chairs Item 11,Furniture,Chairs,North,Delhi,New Delhi,4,19125.71,0.05,72677.7,47321.83,25355.87,Net Banking,Consumer
ORD-101194,2025-07-14,CUST-0082,Customer 82,PRD-0008,Chairs Item 4,Furniture,Chairs,South,Karnataka,Bengaluru,5,26522.12,0.15,112719.01,65627.22,47091.79,UPI,Corporate
ORD-101195,2024-05-26,CUST-0027,Customer 27,PRD-0030,Men Item 1,Clothing,Men,Central,Madhya Pradesh,Bhopal,2,36259.15,0.05,68892.38,42993.97,25898.41,Net Banking,Consumer
ORD-101196,2024-02-06,CUST-0145,Customer 145,PRD-0070,Men Item 3,Clothing,Men,West,Maharashtra,Mumbai,5,6158.18,0,30790.9,21628.61,9162.29,UPI,Small Business
ORD-101197,2025-09-19,CUST-0065,Customer 65,PRD-0045,Tables Item 15,Furniture,Tables,East,West Bengal,Kolkata,5,19461.0,0,97305.0,66807.3,30497.7,Net Banking,Consumer
ORD-101198,2025-02-01,CUST-0066,Customer 66,PRD-0021,Tables Item 12,Furniture,Tables,South,Karnataka,Bengaluru,2,14485.8,0,28971.6,21514.54,7457.06,UPI,Corporate
ORD-101199,2025-02-15,CUST-0033,Customer 33,PRD-0046,Chairs Item 7,Furniture,Chairs,North,Delhi,New Delhi,4,20636.5,0.15,70164.1,50541.78,19622.32,Net Banking,Corporate
